Basho,Overall,Ajigawa-205,Arashio-303,Asahiyama-204,Asakayama-203,Dewanoumi-28,Fujishima-3,Futagoyama-4,Hakkaku-402,Hanaregoma-110,Ikazuchi-5,Isegahama-200,Isenoumi-305,Kasugano-2,Kataonami-109,Kise-6,Kokonoe-403,Michinoku-302,Minato-111,Miyagino-210,Musashigawa-9,Naruto-113,Nishiiwa-114,Nishikido-405,Nishonoseki-100,Oitekaze-307,Onoe-10,Onomatsu-116,Oshima-201,Oshiogawa-117,Otake-115,Sadogatake-112,Sakaigawa-11,Shibatayama-108,Shikihide-12,Shikoroyama-119,Tagonoura-101,Takadagawa-120,Takasago-,Takekuma-13,Tamanoi-14,Tatsunami-1,Tokitsukaze-300,Tokiwayama-107,Yamahibiki-8,Araiso-121,Asahiyama-208,Azumazeki-407,Futagoyama-102,Futagoyama-517,Hanakago-531,Hanakago-103,Hanakago-122,Hanaregoma-106,Hatachiyama-16,Isegahama-206,Izutsu-301,Kabutoyama-310,Kagamiyama-312,Kasugayama-537,Kasugayama-224,Kasugayama-231,Kiriyama-207,Kise-223,Kokonoe-404,Kumagatani-209,Kumagatani-213,Magaki-220,Magaki-124,Michinoku-320,Mihogaseki-7,Minatogawa-535,Minatogawa-126,Minezaki-123,Miyagino-533,Nakagawa-217,Nakagawa-309,Nakamura-128,Nakamura-406,Nishikijima-306,Nishonoseki-105,Oguruma-118,Oitekaze-221,Onaruto-218,Onaruto-215,Onogawa-19,Onogawa-20,Oshima-214,Oshiogawa-125,Oyama-411,Sadogatake-414,Sanoyama-410,Shikihide-315,Tagonoura-15,Takanohana-104,Takashima-216,Takashima-212,Takekuma-229,Takekuma-211,Tamanoi-525,Tanigawa-518,Tanigawa-219,Takasago-401,Tatekawa-313,Tatsutagawa-311,Tatsutayama-317,Tomozuna-501,Urakaze-230,Wakafuji-228,Yamawake-26
1910.01,87,,,,,15,,,,,,,3,,,,,5,,,,,,,,,,,,,,,,,,,,,,,,,,,,,,,,,,,,,,,,,,,,,,,,,,,,,,,,,,,,,,1,,,,,,,,,,,,,,,,,,,,,,,7,,,,7,,1,
1910.06,91,,,,,16,,,,,,,3,,,,,5,,,,,,,,,,,,,,,,,,,,,,,,,,,,,,,,,,,,,,,,,,,,,,,,,,,,,,,,,,,,,,1,,,,,,,,,,,,,,,,,,,,,,,7,,,,6,,1,
1911.02,96,,,,,16,,,,,,,3,,,,,6,,,,,,,,,,,,,,,,,,,,,,,,,,,,,,,,,,,,,,,,,,,,,,,,,,,,,,,,,,,,,,1,,,,,,,,,,,,,,,,,,,,,,,8,,,,6,,1,
1911.06,95,,,,,17,,,,,,,4,,,,,6,,,,,,,,,,,,,,,,,,,,,,,,,,,,,,,,,,,,,,,,,,,,,,,,2,,,,,,,,,,,,,,1,,,,,,,,,,,,,,,,,,,,,,,6,,,,8,,1,
1912.01,110,,,,,18,,,,,,,3,,,,,6,,,,,,,,,,,,,,,,,,,,,,,,,,,,,,,,,,,,,,,,,,,,,,,,1,,,,,,,,,,,,,,1,,,,,,,,,,,,,,,,,,,,,,,9,,,,10,,1,
1912.05,113,,,,,17,,,,,,,4,,,,,6,,,,,,,,,,,,,,,,,,,,,,,,,,,,,,,,,,,,,,,,,,,,,,,,2,,,,,,,,,,,,,,1,,,,,,,,,,,,,,,,,,,,,,,6,,,,12,,1,
1913.01,112,,,,,19,,,,,,,4,,,,,7,,,,,,,,,,,,,,,,,,,,,,,,,,,,,,,,,,,,,,,,,,,,,,,,1,,,,,,,,,,,,,,1,,,,,,,,,,,,,,,,,,,,,,,9,,,,9,,1,
1913.05,121,,,,,19,,,,,,,4,,,,,7,,,,,,,,,,,,,,,,,,,,,,,,,,,,,,,,,,,,,,,,,,,,,,,,1,,,,,,,,,,,,,,1,,,,,,,,,,,,,,,,,,,,,,,7,,,,10,,1,
1914.01,119,,,,,21,,,,,,,3,,,,,6,,,,,,,,,,,,,,,,,,,,,,,,,,,,,,,,,,,,,,,,,,,,,,,,1,,,,,,1,,,,,,,,1,,,,,,,,,,,,,,,,,,,,,,,8,,,,10,,,
1914.05,116,,,,,24,,,,,,,3,,,,,5,,,,,,,,,,,,,,,,,,,,,,,,,,,,,,,,,,,,,,,,,,,,,,,,1,,,,,,1,,,,,,,,1,,,,,,,,,,,,,,,,,,,,,,,10,,,,8,,,
1915.01,123,,,,,24,,,,,,,3,,,,,7,,,,,,,,,,,,,,,,,,,,,,,,,,,,,,,,,,,,,,,,,,,,,,,,1,,,,,,1,,,,,,,,1,,,,,,,,,,,,,,,,,,,,,,,10,,,,9,,,
1915.06,111,,,,,23,,,,,,,3,,,,,7,,,,,,,,,,,,,,,,,,,,,,,,,,,,,,,,,,,,,,,,,,,,,,,,1,,,,,,1,,,,,,,,1,,,,,,,,,,,,,,,,,,,,,,,6,,,,8,,,
1916.01,120,,,,,26,,,,,,,3,,,,,8,,,,,,,,,,,,,,,,,,,,,,,,2,,,,,,,,,,,,,,,,,,,,,,,,1,,,,,,1,,,,,,,,2,,,,,,,,,,,,,,,,,,,,,,,7,,,,9,,,
1916.05,122,,,,,24,,,,,,,4,,,,,8,,,,,,,,,,,,,,,,,,,,,,,,2,,,,,,,,,,,,,,,,,,,,,,,,1,,,,,,1,,,1,,,,,2,,,,,,,,,,,,,,,,,,,,,,,6,,,,9,,,
1917.01,122,,,,,24,,,,,,,4,,,,,8,,,,,,,,,,,,,,,,,,,,,,,,3,,,,,,,,,,,,,,,,,,,,,,,,1,,,,,,1,,,1,,,,,2,,,,,,,,,,,,,,,,,,,,,,,8,,,,9,,,
1917.05,128,,,,,28,,,,,,,4,,,,,9,,,,,,,,,,,,,,,,,,,,,,,,2,,,,,1,,,,,,,,,,,,,,,,,,,,,,,,,1,,,1,,,,,2,,,,,,,,,,,,,,,,,,,,,,,8,,,,9,,,
1918.01,124,,,,,27,,,,,,,4,,,,,11,,,,,,,,,,,,,,,,,,,,,,,,2,,,,,1,,,,,,,,,,,,,,,,,,,,,,,,,1,,,1,,,,,2,,,,,,,,,,,,,,,,,,,,,,,9,,,,9,,,
1918.05,127,,,,,27,,,,,,,5,,,,,11,,,,,,,,,,,,,,,,,,,,,,,,2,,,,,1,,,,,,,,,,,,,,,,,,,,,,,,,1,,,1,,,,,3,,,,,,,,,,,,,,,,,,,,,,,9,,,,8,,,
1919.01,127,,,,,30,,,,,,,4,,,,,10,,,,,,,,,,,,,,,,,,,,,,,,4,,,,,1,,,,,,,,,,,,,,,,,,,,,,,,,1,,,2,,,,,2,,,,,,,,,,,,,,,,,,,,,,,10,,,,7,,,
1919.05,126,,,,,31,,,,,,,4,,,,,10,,,,,,,,,,,,,,,,,,,,,,,,4,,,,,1,,,,,,,,,,,,,,,,,,,,,,,,,1,,,2,,,,,3,,,,,,,,,,,,,,,,,,,,,,,11,,,,6,,,
1920.01,126,,,,,33,,,,,,,4,,,,,10,,,,,,,,,,,,,,,,,,,,,,,,4,,,,,1,,,,,,,,,,,,,,,,,,,1,,,,,,1,,,2,,,,,2,,,,,,,,,,,,,,,,,,,,,,,10,,,,6,,,
1920.05,130,,,,,32,,,,,,,4,1,,,,10,,,,,,,,,,,,,,,,,,,,,,,,5,,,,,1,,,,,,,,,,,,,,,,,,,,,,,,,1,,,2,,,,,2,,,,,,,,,,,,,,,,,,,,,,,11,,,,7,,,
1921.01,131,,,,,37,,,,,,,4,,,,,10,,,,,,,,,,,,,,,,,,,,,,,,5,,,,,1,,,,,,,,,,,,,,,,,,,,,,,,,2,,,1,,,,,2,,,,,,,,,,,,,,,,,,,,,,,10,,,,6,,,
1921.05,124,,,,,35,,,,,,,4,,,,,10,,,,,,,,,,,,,,,,,,,,,,,,5,,,,,1,,,,,,,,,,,,,,,,,,,,,,,,,2,,,1,,,,,2,,,,,,,,,,,,,,,,,,,,,,,10,,,,6,,,
1922.01,128,,,,,35,,,,,,,5,,,,,10,,,,,,,,,,,,,,,,,,,,,,,,6,,,,,1,,,,,,,,,,,,,,,,,,,,,,,,,2,,,2,,,,,3,,,,,,,,,,,,,,,,,,,,,,,10,,,,5,,,
1922.05,116,,,,,34,,,,,,,4,,,,,9,,,,,,,,,,,,,,,,,,,,,,,,5,,,,,1,,,1,,,,,,,,,,,,,,,,,,,,,,2,,,1,,,,,2,,,,,,,,,,,,,,,,,,,,,,,10,,,,4,,,
1923.01,123,,,,,37,,,,,,,4,,,,,7,,,,,,,,,,,,,,,,,,,,,,,,5,,,,,1,,,,,,,,,,,,,,,,,,,,,,,,,2,,,1,,,,,3,,,,,,,,,,,,,,,,,,,,,,,10,,,,4,,,
1923.05,122,,,,,34,,,,,,,4,1,,,,8,,,,,,,,,,,,,,,,,,,,,,,,6,,,,,1,,,,,,,,,,,,,,,,,,,,,,,,,2,,,1,,,,,2,,,,,,,,,,,,,,,,,,,,,,,10,,,,4,,,
1924.01,115,,,,,33,,,,,,,3,,,,,6,,,,,,,,,,,,,,,,,,,,,,,,7,,,,,2,,,,,,,,,,,,,,,,,,,,,,,,,2,,,2,,,,,2,,,,,,,,,,,,,,,,,,,,,,,9,,,,4,,,
1924.05,113,,,,,31,,,,,,,4,,,,,6,,,,,,,,,,,,,,,,,,,,,,,,6,,,,,2,,,,,,,,,,,,,,,,,,,,,,,,,2,,,1,,,,,2,,,,,,,,,,,,,,,,,,,,,,,9,,,,4,,1,
1925.01,118,,,,,33,,,,,,,3,1,,,,6,,,,,,,,,,,,,,,,,,,,,,,,6,,,,,2,,,,,,,,,,,,,,,,,,,,,,,,,2,,,1,,,,,3,,,,,,,,,,,,,,,,,,,,,,,9,,,,5,,1,
1925.05,113,,,,,32,,,,,,,3,,,,,6,,,,,,,,,,,1,,,,,,,,,,,,,7,,,,,2,,,,,,,,,,,,,,,,,,,,,,,,,2,,,1,,,,,2,,,,,,,,,,,,,,,,,,,,,,,8,,,,4,,,1
1926.01,116,,,,,36,,,,,,,3,1,,,,6,,,,,,,,,,,,,,,,,,,,,,,,7,,,,,2,,,,,,,,,,,,,,,,,,,,,,,,,3,,,1,,,,,2,,,,,,,,,,,,,,,,,,,,,,,8,,,,3,,,
1926.05,100,,,,,35,,,,,,,3,,,,,6,,,,,,,,,,,2,,,,,,,,,,,,,7,,,,,2,,,,,,,,,,,,,,,,,,,,,,,,,2,,,1,,,,,2,,,,,,,,,,,,,,,,,,,,,,,8,,,,2,,,
1927.01,108,,,,,31,,,,,,,2,1,,,,7,,,,,,,,,,,,,,,,,,,,,,,,8,,,,,5,,,,,,,,,,,,,,,,,,,,,,,1,1,3,,,2,,,,,2,,,,,,,,,,,,,,,,,,,,,,,8,,,,2,,,1
1927.03,103,,,,,31,,,,,,,2,1,,,,6,,,,,,,,,,,,,,,,,,,,,,,,9,,,,,4,,,,,,,,,,,,,,,,,,,,,,,1,1,2,,,2,,,,,2,,,,,,,,,,,,,,,,,,,,,,,7,,,,2,,,
1927.05,98,,,,,29,,,,,,,3,1,,,,6,,,,,,,,,,,,,,,,,,,,,,,,9,,,,,3,,,,,,,,,,,,,,,,,,,,,,,2,1,2,,,1,,,,,3,,,,,,,,,,,,,,,,,,,,,,,7,,,,2,,1,
1927.10,101,,,,,31,,,,,,,3,1,,,,6,,,,,,,,,,,,,,,,,,,,,,,,8,,,,,4,,,,,,,,,,,,,,,,,,,,,,,1,1,2,,,2,,,,,2,,,,,,,,,,,,,,,,,,,,,,,7,,,,2,,,
1928.01,100,,,,,34,,,,,,,2,,,,,6,,,,,,,,,,,1,,,,,,,,,,,,,6,,,,,3,,,,,,,,,,,,,,,,,,,,,,,2,1,1,,,1,,,,,2,,,,,,,,,,,,,,,,,,,,,,,7,,,,2,,,
1928.03,95,,,,,33,,,,,,,4,1,,,,5,,,,,,,,,,,,,,,,,,,,,,,,8,,,,,4,,,,,,,,,,,,,,,,,,,,,,,1,1,1,,,2,,,,,2,,,,,,,,,,,,,,,,,,,,,,,6,,,,2,,,
1928.05,95,,,,,32,,,,,,,2,,,,,6,,,,,,,,,,,,,,,,,,,,,,,,8,,,,,3,,,,,,,,,,,,,,,,,,,,,,,1,1,1,,,1,,,1,,2,,,,,,,,,,,,,,,,,,,,,,,7,,,,2,,,
1928.10,87,,,,,30,,,,,,,2,,,,,5,,,,,,,,,,,,,,,,,,,,,,,,6,,,,,3,,,,,,,,,,,,,,,,,,,,,,,2,1,2,,,1,,,,,2,,,,,,,,,,,,,,,,,,,,,,,6,,,,2,,,
1929.01,90,,,,,31,,,,,,,1,2,,,,4,,,,,,,,,,,,,,,,,,,,,1,,,7,,,,,3,,,,,,,,,,,,,,,,,,,,,,,1,,1,,,1,,,,,2,,,,,,,,,,,,,,,,,,,,,,,7,,,,2,,,
1929.03,88,,,,,31,,,,,,,1,1,,,,4,,,,,,,,,,,,,,,,,,,,,,,,7,,,,,4,,,,,,,,,,,,,,,,,,,,,,,1,,1,,,1,,,,,2,,,,,,,,,,,,,,,,,,,,,,,8,,,,2,,,
1929.05,83,,,,,30,,,,,,,,2,,,,4,,,,,,,,,,,,,,,,,,,,,,,,6,,,,,4,,,,2,,,,,,,,,,,,,,,,,,,1,,1,,,1,,,,,3,,,,,,,,,,,,,,,,,,,,,,,7,,,,2,,1,1
1929.09,81,,,,,32,,,,,,,,1,,,,3,,,,,,,,,,,,,,,,,,,,,,,,7,,,,,3,,,,1,,,,,,,,,,,,,,,,,,,1,,1,,,1,,,,,2,,,,,,,,,,,,,,,,,,,,,,,7,,,,2,,1,
1930.01,86,,,,,35,,,,,,,,2,,,,5,,,,,,,,,,,,,,,,,,,,,,,,7,,,,,3,,,,1,,,,,2,,,,,,,,,,,,,,1,,1,,,1,,,1,,2,,,,,,,,,,,,,,,,,,,,,,,8,,,,2,,1,
1930.03,86,,,,,35,,,,,,,,2,,,,5,,,,,,,,,,,,,,,,,,,,,,,,8,,,,,3,,,,1,,,,,2,,,,,,,,,,,,,,1,,1,,,2,,,,,2,,,,,,,,,,,,,,,,,,,,,,,8,,,,2,,1,
1930.05,89,,,,,39,,,,,,,,2,,,,5,,,,,,,,,,,,,,,,,,,,,,,,8,,,,,4,,,,2,,,,,2,,,,,,,,,,,,,,1,,1,,,2,,,,,2,,,,,,,,,,,,,,,,,,,,,,,5,,,,2,,1,1
1930.10,85,,,,,37,,,,,,,,,,,,4,,,,,,,,,,,,,,,,,,,,,,,,7,,,,,3,,,,1,,,,,2,,,,,,,,,,,,,,1,,2,,,2,,,,,2,,,,,,,,,,,,,,,,,,,,,,,6,,,,2,,1,
1931.01,83,,,,,37,,,,,,,,1,,,,4,,,,,,,,,,,,,,,,,,,,,,,,6,,,,,2,,,,1,,,,,4,,,,,,,,,,,,,,1,,1,,,2,,,1,,1,,,,,,,,,,,,,,,,,,,,,,,5,,,,2,,1,1
1931.03,85,,,,,39,,,,,,,,1,,,,3,,,,,,,,,,,,,,,,,,,,,,,,6,,,,,2,,,,2,,,,,2,,,,,,,,,,,,,,2,,1,,,2,,,1,,1,,,,,,,,,,,,,,,,,,,,,,,5,,,,2,,1,1
1931.05,83,,,,,35,,,,,,,,2,,,,3,,,,,,,,,,,,,,,,,,,,,,,,7,,,,,3,,,,1,,,,,2,,,,,,,,,,,,,,1,,2,,,1,,,1,,1,,,,,,,,,,,,,,,,,,,,,,,6,,,,2,,2,1
1931.10,83,,,,,32,,,,,,,,1,,,,5,,,,,,,,,,,,,,,,,,,,,,,,6,,,,,3,,,,1,,,,,2,,,,,,,,,,,,,,1,,2,,,1,,,1,,2,,,,,,,,,,,,,,,,,,,,1,,,6,,,,2,,2,1
1932.01,72,,,,,32,,,,,,,,2,,,,3,,,,,,,,,,,,,,,,,,,,,,,,6,,,,,2,,,,1,,,,,2,,,,,,,,,,,,,,1,,2,,,1,,,1,,1,,,,,,,,,,,,,,,,,,,,,,,5,,,,1,,1,
1932.02,90,,,,,30,,,,,,,,1,,,,2,,,,,,,,,,,3,,,,,,,,,,,,,7,,,,,2,,,1,2,,,,,2,,,,,,,,,,,,,,2,,2,,,1,,,1,,3,,,,,,,,,,,,,,,,,,,,1,,,5,,,,3,,4,
1932.03,86,,,,,28,,,,,,,,2,,,,2,,,,,,,,,,,3,,,,,,,,,,,,,7,,,,,3,,,1,1,,,,,3,,,,,,,,,,,,,,2,,2,,,2,,,1,,3,,,,,,,,,,,,,,,,,,,,1,,,5,,,,2,,2,
1932.05,94,,,,,30,,,,,,,,3,,,,2,,,,,,,,,,,3,,,,,,,,,,,,,8,,,,,2,,,1,2,,,,,3,,,,,,,,,,,,,,2,,1,,,3,,,1,,4,,,,,,1,,,,,,,,,,,,,,1,,,5,,,,2,,2,1
1932.10,89,,,,,29,,,,,,,,1,,,,2,,,,,,,,,,,3,,,,,,,,,,,,,7,,,,,3,,,1,3,,,,,3,,,,,,,,,,,,,,2,,1,,,1,,,1,,3,,,,,,1,,,,,,,,,,,,,,1,,,5,,,,2,,2,1
1933.01,97,,,,,29,,,,,,,,2,,,,4,,,,,,,,,,,3,,,,,,,,,,,,,8,,,,,2,,,1,3,,,,,3,,,,,,,,,,,,,,2,,1,,,3,,,1,,3,,,,,,2,,,,,,,,,,,,,,2,,,5,,,,2,,3,1
1933.05,89,,,,,28,,,,,,,,2,,,,1,,,,,,,,,,,3,,,,,,,,,,,,,6,,,,,3,,,1,4,,,,,3,,,,,,,,,,,,,,1,,2,,,1,,,1,,3,,,,,,1,,,,,2,,,,,,,,,2,,,5,,,,3,,3,1
1934.01,89,,,,,26,,,,,,,,5,,,,3,,,,,,,,,,,3,,,,,,,,,,,,,5,,,,,3,,,1,3,,,,,4,,,,,,,,,,,,,,1,,2,,,2,,,1,,3,,,,,,3,,,,,2,,,,,,,,,2,,,5,,,,3,,1,1
1934.05,303,,,,,38,,,,,,,,10,,,,7,,,,,,,,,,,3,,,,,,,,,,1,,,10,,,,,8,,,3,3,,,,,5,,,,,,,,,,,,,,3,1,3,,,3,,,2,,5,,,,,,3,,,,,3,,,,,,,,,3,,,7,,,,3,,5,2
1935.01,294,,,,,38,,,,,,,,9,,,,7,,,,,,,,,,,3,,,,,,,,,,1,,,9,,,,,8,,,3,3,,,,,7,,,,,,,,,,,,,,3,2,3,,,2,,,2,,7,7,,,,,3,,,,,3,,,,,,,,,2,,,8,,,,2,,5,2
1935.05,301,,,,,37,,,,,,,,10,,,,6,,,,,,,,,,,3,,,,,,,,,,1,,,12,,,,,9,,,3,3,,,,,8,,,,,,,,,,,,,,3,2,3,,,2,,,2,,6,7,,,,,3,,,,,3,,,,,,,,,2,,,8,,,,2,,5,2
1936.01,311,,,,,36,,,,,,,,10,,,,6,,,,,,,,,,,3,,,,,,,,,,1,,,14,,,,,9,,,3,3,,,,,9,,,,,,,,,,,,,,2,2,4,,,2,,,2,,6,11,,,,,3,,,,,2,,,,,,,2,,3,,,9,,,,2,,5,2
1936.05,336,,,,,35,,,,,,,,10,,,,6,,,,,,,,,,,3,,,,,,,,,,1,,,14,,,,,9,,,3,3,,,,,10,,,,1,,,,,,,,,,2,2,4,,,2,,,2,,8,10,,,,,3,,,,,2,,,,,,,2,,3,,,9,,,,2,,5,2
1937.01,364,,,,,38,,,,,,,,11,,,,6,,,,,,,,,,,3,,,,,,,,,,1,,,15,,,,,9,,,3,3,,,,,12,,,,1,,,,,,1,,,,2,2,4,,,2,,,2,,8,12,,,,,3,,,,,2,,,,,,,2,,3,,,11,,,,2,,5,2
1937.05,412,,,,,39,,,,,,,,11,,,,7,,,,,,,,,,,5,,,,,,,,,,1,,,16,,,,,7,,,3,3,,,,,12,,,,2,,,,,,1,,,,2,2,4,,,2,,,2,,9,14,,,,,3,,,,,2,,,,,,,3,,3,,,13,,,,2,,4,2
1938.01,460,,,,,42,,,,,,,,10,,,,7,,,,,,,,,,,5,,,,,,,,,,1,,,18,,,,,7,,,3,3,,,,,14,,,,2,,,,,,1,,,,2,2,4,,,3,,,2,,9,15,,,,,3,,,,,2,,,,,,,3,,3,,,14,,,,2,,2,2
1938.05,509,,,,,45,,,,,,,,10,,,,7,,,,,,,,,,,5,,,,,,,,,,1,,,20,,,,,8,,,3,3,,,,,14,,,,2,,,,,,1,,,,2,2,5,,,3,,,2,,8,17,,,,,4,,,,,2,,,,,,,3,,3,,,16,,,,1,,1,3
1939.01,557,,,,,44,,,,,,,,11,,,,8,,,,,,,,,,,4,,,,,,,,,,1,,,20,,,,,8,,,2,3,,,,,15,,,,2,,,,,,1,,,,2,3,5,,,3,,,2,,7,17,,,,,4,,,,,1,,,,,,,3,,3,,,18,,,,2,,1,3
1939.05,599,,,,,45,,,,,,,,11,,,,8,,,,,,,,,,,4,,,,,,,,,,1,,,19,,,,,8,,,1,3,,,,,16,,,,2,,,,,,1,,,,2,3,5,,,2,,,2,,7,16,,,,,4,,,,,1,,,,,,,3,,3,,,18,,,,2,,1,3
1940.01,634,,,,,46,,,,,,,,11,,,,8,,,,,,,,,,,4,,,,,,,,,,1,,,22,,,,,8,,,1,3,,,,,16,,,,2,,,,,,1,,,,2,3,4,,,2,,,2,,7,17,,,,,4,,,,1,1,,,,,,,3,,3,,,19,,,1,2,,1,3
1940.05,681,,,,,49,,,,,,,,13,,,,9,,,,,,,,,,,4,,,,,,,,,,1,,,24,,,,,8,,,1,3,,,,,15,,,,2,,,,,,1,,,,2,3,4,,,3,,,2,,7,19,,1,,,3,,,,2,1,,,,,,,3,,1,,,21,,,1,2,,1,3
1941.01,635,,,,,50,,,,,,,,11,,,,9,,,,,,,,,,,4,,,,,,,,,,2,,,26,,,,,8,,,1,3,,,,,17,,,,4,,,,,,1,,,,2,3,4,,,2,,,1,,8,19,,1,,,3,,,,3,1,,,,,,,3,,1,1,,22,,,1,1,,1,3
1941.05,644,,,,,50,,,,,,,,11,,,,8,,,,,,,,,,,4,,,,,,,,,,3,,,28,,,,,8,,,1,3,,,,,17,,,,4,,,,,,1,,,,2,2,4,,,2,,,1,,8,20,,1,,,3,,,,3,1,,,,,,,3,,1,1,,23,,,1,1,,1,3
1942.01,623,,,,,51,,,,,,,,11,,,,7,,,,,,,,,,,7,,,,,,,,,,3,,,24,15,,,,8,,,1,3,,,,,18,,,,3,,,,,,1,,,,1,2,4,,,2,,,2,,8,20,,1,,,,4,,,2,1,,,,,,,3,,1,1,,23,,,1,1,,1,3
1942.05,623,,,,,51,,,,,,,1,11,,,,8,,,,,,,,,,,7,,,,,,,,,,3,,,23,15,,,,7,,,1,3,,,,,21,,,,2,,,,,,1,,,,1,2,4,,,2,,,2,,8,19,,1,,,,3,,,2,,,,,,,,3,,1,1,,24,,,1,1,,1,2
1943.01,604,,,,,49,,,,,,,1,11,,,,8,,,,,,,,,,,8,,,,,,,,,,3,,,22,15,,,,7,,,1,2,,,,,20,,,,2,,,,,,1,,,,1,2,3,,,2,,,2,,8,18,,1,,,,3,,,2,,,,,,,,3,,1,1,,24,,,1,1,,1,1
1943.05,577,,,,,47,,,,,,,1,11,,,,8,,,,,,,,,,,9,,,,,,,,,,3,,,22,19,,,,6,,,1,2,,,,,20,,,,2,,,,,,1,,,,1,2,2,,,2,,,1,,8,19,,1,,,,2,,,2,,,,,,,,3,,1,1,,25,,,1,1,,1,1
1944.01,540,,,,,46,,,,,,,1,11,,,,6,,,,,,,,,,,9,,,,,,,,,,3,,,22,20,,,,6,,,1,2,,,,,20,,,,2,,,,,,1,,,,1,2,1,,,2,,,1,,8,21,,1,,,,2,,,2,,,,,,,,2,,1,1,,25,,,1,,,1,1
1944.05,494,,,,,42,,,,,,,1,12,,,,6,,,,,,,,,,,10,,,,,,,,,,3,,,22,20,,,,6,,,1,2,,,,,20,,,,2,,,,,,1,,,,1,2,1,,,2,,,1,,7,22,,1,,,,1,,,2,,,,,,,,2,,1,1,,23,,,1,,,1,1
1944.11,470,,,,,42,,,,,,,1,12,,,,,,,,,,,,,,,10,,,,,,,,,,3,,,22,25,,,,6,,,1,1,,,,,22,,,,2,,,,,,,,,,1,1,1,,,2,,,1,,6,22,,1,,,,1,,,2,,,,,,,,2,,1,1,,23,,,1,,,1,1
1945.06,391,,,,,35,,,,,,,1,12,,,,,,,,,,,,,,,10,,,,,,,,,,3,,,21,25,,,,6,,,1,2,,,,,22,,,,2,,,,,,,,,,1,1,1,,,2,,,0,,6,21,,1,,,,0,,,2,,,,,,,,2,,1,1,,23,,,,,,1,1
1945.11,319,,,,,31,,,,,,,1,12,,,,,,,,,,,,,,,10,,,,,,,,,,3,,,19,25,,,,6,,,,1,,,,,22,,,,2,,,,,,,,,,1,1,1,,,2,,,1,,6,22,,1,,,,0,,,2,,,,,,,,2,,1,1,,22,,,,,,1,1
1946.11,313,,,,,26,,,,,,,,11,,,,,,,,,,,,,,,10,,,,,,,,,,3,,,21,30,,,,7,,,,1,,,,,23,,,,3,,,,,,,,,,1,,1,,,2,,,1,,7,28,,1,,,,2,,,2,,,,,,,,1,,1,,,22,,,,,,1,1
1947.06,301,,,,,27,,,,,,,,9,,,,2,,,,,,,,,,,10,,,,,,,,,,3,,,25,32,,,,7,,,,1,,,,,23,,,,,,,,,,1,,,,1,,1,,,2,,,2,,7,29,,1,,,,2,,,2,,,,,,,,1,,,,,21,,,,,,1,1
1947.11,286,,,,,27,,,,,,,,9,,,,7,,,,,,,,,,,11,,,,,,,,,,2,,,24,26,,,,6,,,,1,,,,,22,,,,,,,,,,1,,,,1,,,,,2,,,2,,7,33,,1,,,,2,,,2,,,,,,,,2,,,,,23,,,,,,1,1
1948.05,285,,,,,29,,,,,,,,8,,,,10,,,,,,,,,,,11,,,,,,,,,,2,,,26,25,,,,6,,,,,,,,,23,,,,,,,,,,1,,,,2,,,,,2,,,2,,9,33,,1,,,,2,,,2,,,,,,,,2,,,,,23,,,,,,1,1
1948.10,290,,,,,29,,,,,,,,8,,,,10,,,,,,,,,,,13,,,,,,,,,,3,,,27,25,,,,6,,,,,,,,,23,,,,,,,,,,2,,,,2,,,,,2,,,2,,9,33,,1,,,,3,,,2,,,,,,,,3,,,,,24,,,,,,,1
1949.01,286,,,,,29,,,,,,,,8,,,,10,,,,,,,,,,,13,,,,,,,,,,3,,,27,25,,,,6,,,,,,,,,22,,,,,,,,,,2,,,,2,,,,,2,,,2,,10,32,,1,,,,3,,,2,,,,,,,,3,,,,,23,,,,,,,1
1949.05,292,,,,,29,,,,,,,5,8,,,,12,,,,,,,,,,,13,,,,,,,,,,3,,,26,27,,,,5,,,,,,,,,22,,,,,,,,,,2,,,,2,,,,,2,,,2,,4,35,,1,,,,3,,,1,,,,,,,,3,,,,,26,,,,,,,
1949.10,280,,,,,31,,,,,,,5,8,,,,12,,,,,,,,,,,13,,,,,,,,,,3,,,24,29,,,,6,,,,,,,,,22,,,,,,,,,,3,,,,2,,,,,2,,,2,,4,35,,2,,,,3,,,1,,,,,,,,3,,,,,24,,,,,,,
1950.01,287,,,,,33,,,,,,,7,8,,,,12,,,,,,,,,,,13,,,,,,,,,,3,,,25,30,,,,7,,,,,,,,,22,,,,,,,,,,3,,,,1,,,,,2,,,2,,4,37,,2,,,,3,,,1,,,,,,,,3,,,,,24,,,,,,,
1950.05,296,,,,,31,,,,,,,8,9,,,,13,,,,,,,,,,,13,,,,,,,,,,4,,,27,32,,,,8,,,,,,,,,22,,,,,,,,,,2,,,,2,3,,,,2,,,2,,4,40,,2,,,,3,,,1,,,,,,,,3,,,,,24,,,,,,,
1950.09,300,,,,,31,,,,,,,9,11,,,,13,,,,,,,,,,,14,,,,,,,,,,5,,,30,32,,,,9,,,,,,,,,23,,,,,,,,,,2,,,,2,3,,,,2,,,2,,5,39,,2,,,,3,,,1,,,,,,,,3,,,,,27,,,,,,,
1951.01,307,,,,,37,,,,,,,9,10,,,,14,,,,,,,,,,,13,,,,,,,,,,6,,,31,31,,,,9,,,,,,,,,23,,,,,,,,,,2,,,,2,4,,,,2,,,2,,5,41,,3,,,,3,,,1,,,1,,,,,3,,,,,28,,,,,,,
1951.05,318,,,,,38,,,,,,,10,9,,,,15,,,,,,,,,,,14,,,,,,,,,,7,,,32,33,,,,9,,,,,,,,,27,,,,,,,,,,2,,,,2,4,,,,2,,,2,,6,41,,4,,,,3,,,2,,,1,,,,,3,,,,,29,,,,,,,
1951.09,326,,,,,36,,,,,,,10,10,,,,14,,,,,,,,,,,14,,,,,,,,,,7,,,33,32,,,,9,,,,,,,,,27,,,,,,,,,,2,,,,2,4,,,,2,,,2,,6,43,,4,,,,3,,,2,,,1,,,,,3,,,,,31,,,,,,,
1952.01,337,,,,,39,,,,,,,11,11,,,,14,,,,,,,,,,,14,,,,,,,,,,8,,,34,32,,,,9,,,,,,,,,27,,,,,,,,,,2,,,,2,4,,,,2,,,2,,6,45,,3,,,,3,,,2,,,1,,,,,3,,,,,31,,,,,,,
1952.05,357,,,,,43,,,,,,,11,12,,,,14,,,,,,,,,,,15,,,,,,,,,,9,,,34,32,,,,9,,,,,,,,,27,,,,,,,,,,2,,,,2,4,,,,2,,,2,,6,42,,3,,,,3,,,2,,,1,,,,,2,,,,,29,,,,,,,
1952.09,388,,,,,41,,,,,,,11,11,,,,14,,,,,,,,,,,15,,,,,,,,,,9,,,35,31,,,,9,,,,,7,,,,27,,,,,,,,,,2,,,,2,4,,,,2,,,2,,6,33,,4,,,,3,,,2,,,1,,,,,1,,,,,30,,,,,,,
1953.01,417,,,,,40,,,,,,,11,11,,,,13,,,,,,,,,,,13,,,,,,,,,,9,,,33,32,,,,9,,,,,7,,,,28,,,,,,,,,,2,,,,2,4,,,,2,,,2,,6,32,,4,,,,3,,,2,,,1,,,,,1,,,,,31,,,,,,,
1953.03,429,,,,,38,,,,,,,11,11,,,,13,,,,,,,,,,,14,,,,,,,,,,9,,,32,34,,,,10,,,,,9,,,,24,,,,,,,,,,2,,,,2,4,,,,2,,,2,,5,31,,4,,,,3,,,3,,,1,,,,,1,,,,,32,,,,,,,
1953.05,463,,,,,38,,,,,,,12,12,,,,11,,,,,,,,,,,14,,,,,,,,,,9,,,34,35,,,,10,,,,,11,,,,24,,,,,,,,,,2,,,,2,4,,1,,2,,,2,,5,31,,5,,,,3,,,3,,,1,,,,,1,,,,,32,,,,,,,
1953.09,493,,,,,35,,,,,,,12,13,,,,9,,,,,,,,,,,14,,,,,,,,,,10,,,34,38,,,,9,,,,,12,,,,26,,,,,,,,,,2,,,,2,4,,1,,2,,,2,,5,31,,5,,,,3,,,3,,,1,,,,,1,,,,,31,,,,,,,
1954.01,507,,,,,35,,,,,,,12,14,,,,9,,,,,,,,,,,14,,,,,,,,,,7,,,33,39,,,,9,,,,,13,,,,27,,,,,,,,,,2,,,,2,4,,1,,2,,,2,,5,33,,5,,,,3,,,3,,,1,,,,,1,,,,,31,,,,,,,
1954.03,512,,,,,36,,,,,,,11,14,,,,9,,,,,,,,,,,15,,,,,,,,,,7,,,33,37,,,,9,,,,,15,,,,27,,,,,,,,,,2,,,,2,4,,1,,2,,,2,,5,32,,5,,,,3,,,3,,,,,,,,1,,,,,30,,,,,,,
1954.05,526,,,,,37,,,,,,,11,13,,,,8,,,,,,,,,,,16,,,,,,,,,,7,,,34,38,,,,9,,,,,17,,,,28,,,,,,,,,,2,,,,2,4,,1,,2,,,2,,4,31,,5,,,,3,,,3,,,,,,,,1,,,,,30,,,,,,,
1954.09,584,,,,,36,,,,,,,13,13,,,,9,,,,,,,,,,,17,,,,,,,,,,7,,,36,37,,,,9,,,,,18,,,,29,,,,,,,,,,2,,,,2,4,,1,,2,,,2,,5,30,,6,,,,3,,,3,,,,,,,,,,,,,30,,,,,,,
1955.01,625,,,,,39,,,,,,,11,15,,,,9,,,,,,,,,,,18,,,,,,,,,,7,,,36,39,,,,9,,,,,20,,,,29,,,,,,,,,,2,,,,2,4,,1,,1,,,2,,5,34,,6,,,,3,,,3,,,,,,,,,,,,,27,,,,,,,
1955.03,657,,,,,37,,,,,,,10,15,,,,9,,,,,,,,,,,18,,,,,,,,,,6,,,36,40,,,,9,,,,,21,,,,30,,,,,,,,,,2,,,,1,5,,1,,1,,,2,,5,34,,6,,,,3,,,5,,1,,,,,,,,,,,29,,,,,1,,
1955.05,680,,,,,38,,,,,,,12,17,,,,9,,,,,,,,,,,18,,,,,,,,,,6,,,34,42,,,,10,,,,,20,,,,27,,,,,3,,,,,2,,,,1,5,,1,,1,,,2,,4,36,,7,,,,3,,,5,,1,,,,,,,,,,,29,,,,,1,,
1955.09,702,,,,,36,,,,,,,13,19,,,,9,,,,,,,,,,,19,,,3,,,,,,,6,,,37,41,,,,10,,,,,20,,,,27,,,,,3,,,,,2,,,,1,5,,1,,1,,,2,,4,32,,8,,,,3,,,5,,1,,,,,,,,,,,29,,,,,1,,
1956.01,697,,,,,36,,,,,,,13,21,,,,10,,,,,,,,,,,22,,,4,,,,,,,6,,,40,43,,,,10,,,,,21,,,,27,,,,,3,,,,,2,,,,1,5,,1,,1,,,2,,4,32,,8,,,,3,,,5,,1,,,,,,,,,,,29,,,,,1,,
1956.03,727,,,,,36,,,,,,,13,21,,,,12,,,,,,,,,,,22,,,4,,,,,,,6,,,41,43,,,,10,,,,,21,,,,26,,,,,3,,,,,2,,,,1,5,,1,,1,,,4,,4,34,,8,,,,3,,,5,,2,,,,,,,,,,,30,,,,,1,,
1956.05,770,,,,,39,,,,,,,15,21,,,,14,,,,,,,,,,,21,,,5,,,,,,,8,,,42,43,,,,8,,,,,22,,,,28,,,,,3,,,,,2,,,,1,5,,1,,1,,,4,,5,38,,8,,,,4,,,4,,2,,,,,,,,,,,31,,,,,1,,
1956.09,795,,,,,40,,,,,,,15,23,,,,15,,,,,,,,,,,23,,,5,,,,,,,8,,,43,43,,,,9,,,,,28,,,,29,,,,,3,,,,,1,,,,1,6,,1,,1,,,4,,5,40,,8,,,,4,,,5,,2,,,,,,,,,,,37,,,,,1,,
1957.01,823,,,,,41,,,,,,,15,27,,,,16,,,,,,,,,,,25,,,6,,,,,,,7,,,45,41,,,,9,,,,,29,,,,27,,,,,3,,,,,1,,,,1,6,,1,,,,,4,,5,41,,8,,,,4,,,5,,2,,,,,,,,,,,38,,,,,1,,
1957.03,836,,,,,42,,,,,,,15,31,,,,15,,,,,,,,,,,26,,,6,,,,,,,7,,,46,40,,,,10,,,,,29,,,,29,,,,,3,,,,,,,,,1,6,,1,,,,,4,,5,45,,8,,,,5,,,5,,2,,,,,,,,,,,38,,,,,1,,
1957.05,844,,,,,39,,,,,,,14,32,,,,15,,,,,,,,,,,26,,,8,,,,,,,7,,,46,40,,,,11,,,,,29,,,,30,,,,,3,,,,,,,,,1,8,,1,,,,,5,,5,44,,8,,,,5,,,5,,2,,,,,,,,,,,39,,,,,1,,
1957.09,793,,,,,40,,,,,,,15,32,,,,14,,,,,,,,,,,26,,,8,,,,,,,5,,,44,36,,,,10,,,,,29,,,,30,,,,,3,,,,,,,,,1,8,,1,,,,,5,,5,43,,7,,,,5,,,5,,2,,,,,,,,,,,37,,,,,1,,
1957.11,752,,,,,40,,,,,,,15,31,,,,15,,,,,,,,,,,26,,,8,,,,,,,4,,,44,37,,,,10,,,,,30,,,,30,,,,,3,,,,,,,,,1,8,,1,,,,,5,,5,42,,6,,,,5,,,5,,2,,,,,,,,,,,35,,,,,1,,
1958.01,754,,,,,42,,,,,,,15,31,,,,15,,,,,,,,,,,26,,,8,,,,,,,4,,,48,38,,,,10,,,,,29,,,,31,,,,,3,,,,,,,,,1,8,,1,,,,,5,,4,42,,6,,,,5,,,5,,2,,,,,,,,,,,38,,,,,1,,
1958.03,760,,,,,42,,,,,,,15,31,,,,15,,16,,,,,,,,,11,,,9,,,,,,,5,,,48,35,,,,10,,,,,33,,,,32,,,,,3,,,,,,,,,,8,,1,,,,,5,,4,45,,6,,,,6,,,6,,2,,,,,,,,,,,40,,,,,1,,
1958.05,783,,,,,44,,,,,,,15,31,,,,15,,18,,,,,,,,,10,,,9,,,,,,,6,,,48,36,,,,10,,,,,34,,,,33,,,,,4,,,,,,,,,,8,,2,,,,,5,,4,48,,7,,,,7,,,6,,2,,,,,,,,,,,40,,,,,1,,
1958.07,791,,,,,44,,,,,,,14,36,,,,16,,18,,,,,,,,,10,,,9,,,,,,,6,,,48,36,,,,10,,,,,36,,,,32,,,,,4,,,,,,,,,,7,,2,,,,,5,,4,49,,8,,,,8,,,6,,2,,,,,,,,,,,39,,,,,1,,
1958.09,803,,,,,47,,,,,,,14,40,,,,17,,18,,,,,,,,,11,,,10,,,,,,,6,,,48,37,,,,10,,,,,36,,,,33,,,,,4,,,,,,,,,,7,,2,,,,,4,,4,48,,8,,,,8,,,6,,2,,,,,,,,,,,38,,,,,1,,
1958.11,795,,,,,45,,,,,,,12,42,,,,17,,18,,,,,,,,,10,,,11,,,,,,,6,,,51,37,,,,10,,,,,36,,,,36,,,,,4,,,,,,,,,,7,,2,,,,,4,,4,47,,7,,,,8,,,7,,2,,,,,,,,,,,39,,,,,2,,
1959.01,811,,,,,46,,,,,,,12,44,,,,18,,18,,,,,,,,,10,,,13,,,,,,,7,,,52,38,,,,11,,,,,38,,,,37,,,,,4,,,,,,,,,,8,,3,,,,,4,,4,49,,7,,,,8,,,7,,2,,,,,,,,,,,39,,,,,2,,
1959.03,827,,,,,46,,,,,,,11,46,,,,18,,18,,,,,,,,,10,,,15,,,,,,,8,,,54,40,,,,11,,,,,41,,,,37,,,,,4,,,1,,,,2,,,10,,3,,,,,4,,4,54,,7,,,,8,,,7,,2,,,,,,,,,,,40,,,,,2,,
1959.05,868,,,,,49,,,,,,,10,46,,,,22,,22,,,,,,,,,10,,,16,,,,,,,9,,,56,41,,,,11,,,,,45,,,,39,,,,,4,,,1,,,,3,,,10,,3,,,,,4,,4,57,,7,,,,8,,,7,,2,,,,,,,,,,,45,,,,,2,,
1959.07,856,,,,,48,,,,,,,10,46,,,,23,,22,,,,,,,,,8,,,16,,,,,,,9,,,53,39,,,,11,,,,,48,,,,37,,,,,4,,,1,,,,3,,,10,,4,,,,,4,,4,60,,7,,,,8,,,8,,2,,,,,,,,,,,47,,,,,2,,
1959.09,858,,,,,50,,,,,,,11,46,,,,23,,23,,,,,,,,,8,,,16,,,,,,,9,,,53,43,,,,11,,,,,49,,,,37,,,,,4,,,1,,,,3,,,10,,3,,,,,4,,4,59,,8,,,,8,,,8,,2,,,,,,,,,,,47,,,,,2,,
1959.11,816,,,,,50,,,,,,,11,45,,,,23,,22,,,,,,,,,7,,,15,,,,,,,8,,,50,42,,,,11,,,,,50,,,,37,,,,,4,,,1,,,,3,,,10,,3,,,,,4,,4,58,,8,,,,9,,,7,,2,,,,,,,,,,,45,,,,,2,,
1960.01,819,,,,,51,,,,,,,11,46,,,,24,,22,,,,,,,,,7,,,17,,,,,,,8,,,51,43,,,,12,,,,,49,,,,37,,,,,4,,,2,,,,3,,,10,,3,,,,,4,,4,59,,8,,,,9,,,7,,2,,,,,,,,,,,45,,,,,2,,
1960.03,795,,,,,50,,,,,,,10,46,,,,23,,25,,,,,,,,,7,,,20,,,,,,,9,,,50,42,,,,12,,,,,49,,,,37,,,,,3,,,2,,,,3,,,9,,3,,,,,4,,5,59,,8,,,,11,,,7,,,,,,,,,,,,,49,,,,,2,,
1960.05,799,,,,,54,,,,,,,11,48,,,,23,,26,,,,,,,,,5,,,19,,,,,,,10,,,51,44,,,,13,,,,,50,,,,37,,,,,3,,,2,,,,4,,,10,,3,,,1,,4,,5,60,,8,,,,11,,,9,,,,,,2,,,,,,,47,,,,,2,,
1960.07,792,,,,,54,,,,,,,13,49,,,,24,,28,,,,,,,,,5,,,19,,,,,,,10,,,52,45,,,,12,,,,,54,,,,36,,,,,3,,,2,,,,4,,,11,,3,,,1,,4,,5,61,,8,1,,,11,,,9,,,,,,3,,,,,,,48,,,,,3,,
1960.09,797,,,,,55,,,,,,,12,49,,,,24,,28,,,,,,,,,5,,,18,,,,,,,10,,,54,45,,,,12,,,,,55,,,,38,,,,,4,,,2,,,,5,,,10,,3,,,1,,4,,5,62,,8,2,,,11,,,9,,,,,,3,,,,,,,49,,,,,3,,
1960.11,774,,,,,56,,,,,,,13,49,,,,23,,28,,,,,,,,,6,,,18,,,,,,,10,,,55,44,,,,12,,,,,59,,,,38,,,,,5,,,2,,,,5,,,10,,3,,,1,,3,,5,61,,8,2,,,10,,,9,,,,,,3,,,,,,,49,,,,,3,,
1961.01,772,,,,,56,,,,,,,13,49,,,,24,,28,,,,,,,,,17,,,20,,,,,,,10,,,55,44,,,,12,,,,,60,,,,41,,,,,5,,,2,,,,5,,,12,,4,,,1,,3,,5,63,,8,2,,,10,,,9,,,,,,3,,,,,,,50,,,,,3,,
1961.03,773,,,,,59,,,,,,,17,49,,,,24,,29,,,,,,,,,17,,,20,,,,,,,10,,,55,46,,,,13,,,,,65,,,,43,,,,,5,,,3,,,,5,,,12,,4,,,2,,3,,5,65,,8,2,,,10,,,9,,,,,,4,,,,,,,51,,,,,3,,
1961.05,777,,,,,60,,,,,,,19,51,3,,,23,,33,,,,,,,,,17,,,22,,,,,,,10,,,55,46,,,,12,,,,,66,,,,45,,,,,6,,,4,,,,6,,,12,,5,,,2,,3,,5,66,,9,2,,,10,,,8,,,,,,5,,,,,,,50,,,,,4,,
1961.07,777,,,,,64,,,,,,,19,54,3,,,23,,33,,,,,,,,,17,,,24,,,,,,,10,,,57,47,,,,13,,,,,69,,,,45,,,,,6,,,4,,,,7,,,12,,6,,,2,,3,,5,68,,10,3,,,10,,,8,,2,,,,6,,,,,,,48,1,,,,4,,
1961.09,775,,,,,66,,,,,,,19,58,5,,,23,,35,,,,,,,,,17,,,25,,,,,,,10,,,57,48,,,,13,,,,,71,,,,49,,,,,6,,,4,,,,7,,,12,,6,,,2,,,,6,70,,10,3,,,10,,,8,,2,,,,7,,,,,,,49,1,,,,4,,
1961.11,750,,,,,66,,,,,,,20,59,7,,,22,,35,,,,,,,,,17,,,26,,,,,,,10,,,57,50,,,,13,,,,,72,,,,51,,,,,6,,,6,,,,8,,,13,,6,,,2,,,,7,72,,10,3,,,10,,,8,,2,,,,8,,,,,,,49,1,,,,4,,
1962.01,760,,,,,70,,,,,,,20,62,7,,,23,,35,,,,,,,,,18,,,30,,,,,,,10,,,57,56,,,,14,,,,,70,,,,51,,,,,7,,,6,,,,9,,,13,,6,,,2,,,,7,71,,10,5,,,11,,,7,,2,,,,8,,,,,,,51,1,,,,4,,
1962.03,736,,,,,69,,,,,,,20,61,7,,,24,,34,,,,,,,,,19,,,29,,,,,,,10,,,53,54,,,,14,,,,,67,,,,49,,,,,7,,,5,,,,8,,,12,,6,,,2,,,,6,65,,9,5,,,11,,,7,,2,,,,8,,,,,,,46,1,,,,4,,
1962.05,751,,,,,66,,,,,,,21,61,15,,,24,,34,,,,,,,,,20,,,29,,,,,,,10,,,51,56,,,,14,,,,,58,,,,50,,,,,6,,,5,,,,8,,,12,,6,,,2,,,,6,56,,7,5,,,11,,,6,,2,,,,9,,,,,,,48,1,,,,3,,
1962.07,747,,,,,63,,,,,,,20,58,15,,,24,,34,,,,,,,,,18,,,28,,,,,,,10,,,49,56,,,,13,,8,,,55,,,,48,,,,,6,,,5,,,,8,,,9,,6,,,2,,,,6,57,,6,5,,,10,,,5,,2,,,,9,,,,,,,43,,,,,,,
1962.09,750,,,,,60,,,,,,,21,58,15,,,25,,34,,,,,,,,,18,,,28,,,,,,,12,,,49,54,,,,13,,10,,,51,,,,48,,,,,6,,,5,,,,8,,,8,,6,,,2,,,,5,55,,6,5,,,10,,,4,,2,,,,9,,,,,,1,44,,,,,,,
1962.11,725,,,,,60,,,,,,,20,53,14,,,24,,32,,,,,,,,,16,,,29,,,,,,,12,,,49,52,,,,13,,11,,,51,,,,46,,,,,6,,,5,,,,8,,,7,,5,,,0,,,,5,51,,5,5,,,10,,,4,,2,,,,10,,,,,,1,44,,,,,,,
1963.01,745,,,,,64,,,,,,,20,54,16,,,24,,32,,,,,,,,,16,,,27,,,,,,,12,,,47,51,,,,14,,11,,,48,,,,44,,,,,6,,,6,,,,6,,,8,,5,,,0,,,,5,51,,5,5,,,10,,,4,,2,,,,10,,,,,,1,44,,,,,,,
1963.03,749,,,,,68,,,,,,,20,49,16,,,23,,32,,,,,,,,,17,,,26,,,,,,,12,,,49,51,,,,14,,13,,,48,,,,42,,,,,6,,,5,,,,5,,,9,,4,,,0,,,,5,52,,5,5,,,10,,,3,,2,,,,9,,,,,,1,46,,,,,,,
1963.05,786,,,,,67,,,,,,,20,54,18,,,23,,31,,,,,,,,,18,,,25,,,,,,,12,,,51,53,,,,14,,16,,,47,,,,42,,,,,6,,,5,,,,5,,,9,,4,,,2,,,,5,55,,5,5,,,9,,,3,,2,,,,11,,,,,,1,48,,,,,,,
1963.07,795,,,,,66,,,,,,,20,56,23,,,23,,29,,,,,,,,,17,,,24,,,,,,,11,,,50,49,,,,21,,17,,,46,,,,41,,,,,6,,,6,,,,5,,,9,,4,,,2,,,,5,53,,5,,,,10,,,2,,2,,,,14,,,,,,2,43,,,,,,,
1963.09,794,,,,,64,,,,,,,20,58,25,,,22,,27,,,,,,,,,16,,,23,,,,,,,11,,,49,52,,,,21,,18,,,49,,,,40,,,,,6,,,6,,,,5,,,9,,3,,,2,,,,5,54,,5,,,,10,,,2,,2,,,,16,,,,,,2,44,,,,,,,
1963.11,772,,,,,62,,,,,,,20,50,25,,,21,,25,,,,,,,,,16,,,24,,,,,,,12,,,47,51,,,,19,,19,,,48,,,,37,,,,,5,,,6,,,,5,,,9,,3,,,2,,,,4,53,,5,,,,8,,,2,,1,,,,18,,,,,,2,43,,,,,,,
1964.01,785,,,,,61,,,,,,,22,51,28,,,20,,25,,,,,,,,,16,,,25,,,,,,,12,,,48,53,,,,20,,20,,,47,,,,36,,,,,6,,,6,,,,5,,,9,,3,,,2,,,,4,55,,5,,,,8,,,2,,1,,,,19,,,,,,3,42,,,,,,,
1964.03,794,,,,,60,,,,,,,23,52,29,,,20,,26,,,,,,,,,15,,,25,,,,,,,12,,,49,58,,,,20,,21,,,48,,,,34,,,,,7,,,6,,,,5,,,8,,3,,,2,,,,,59,,5,,,,8,,,2,,,,,,19,,,,,,3,41,,,,,,,
1964.05,826,,,,,64,,,,,,,23,56,32,,,19,,26,,,,,,,,,15,,,27,,,,,,,12,,,50,58,,,,20,,24,,,47,,,,39,,,,,7,,,6,,,,5,,,10,,3,,,3,,,,,60,,5,,,,8,,,2,,,,,,21,,,,,,3,42,,,,,,,
1964.07,822,,,,,64,,,,,,,24,55,32,,,17,,25,,,,,,,,,13,,,28,,,,,,,11,,,50,60,,,,21,,27,,,48,,,,38,,,,,7,,,6,,,,4,,,10,,3,,,4,,,,,59,,5,,,,8,,,3,,,,,,21,,,,,,3,42,,,,,,,
1964.09,829,,,,,65,,,,,,,23,57,33,,,17,,24,,,,,,,,,13,,,27,,,,,,,11,,,50,62,,,,22,,29,,,48,,,,39,,,,,7,,,5,,,,4,,,10,,3,,,4,,,,,58,,5,,,,8,,,3,,,,,,22,,,,,,3,42,,,,,,,
1964.11,814,,,,,65,,,,,,,22,57,33,,,15,,21,,,,,,,,,13,,,27,,,,,,,11,,,51,62,,,,23,,32,,,47,,,,38,,,,,7,,,5,,,,5,,,11,,,,,5,,,,,59,,5,,,,8,,,3,,,,,,22,,,,,,3,38,,,,,,,
1965.01,821,,,,,72,,,,,,,21,58,34,,,17,,22,,,,,,,,,12,,,28,,,,,,,11,,,56,63,,,,24,,34,,,48,,,,40,,,,,7,,,5,,,,5,,,11,,,,,5,,,,,59,,,,,,,,,3,,,,,,22,,,,,,3,37,,,,,,,
1965.03,808,,,,,71,,,,,,,21,58,33,,,18,,22,,,,,,,,,10,,,28,,,,,,,11,,,53,65,,,,25,,35,,,49,,,,41,,,,,6,,,5,,,,5,,,12,,,,,5,,,,,57,,,,,,,,,3,,,,,,23,,,,,,3,38,,,,,,,
1965.05,833,,,,,74,,,,,,,24,59,35,,,19,,22,,,,,,,,,10,,,28,,,,,,,11,,,52,67,,,,27,,39,,,47,,,,44,,,,,6,,,6,,,,4,,,12,,,,,6,,,,,57,,,,,,,,,3,,,,,,26,,,,,,3,38,,,,,,,
1965.07,821,,,,,68,,,,,,,24,58,36,,,19,,23,,,,,,,,,11,,,28,,,,,,,11,,,52,65,,,,28,,39,,,51,,,,44,,,,,5,,,6,,,,3,,,12,,,,,6,,,,,55,,,,,,,,,3,,,,,,28,,,,,,3,39,,,,,,,
1965.09,825,,,,,68,,,,,,,24,58,35,,,20,,24,,,,,,,,,12,,,28,,,,,,,11,,,50,65,,,,28,,40,,,48,,,,45,,,,,5,,,6,,,,3,,,12,,,,,6,,,,,55,,,,,,,,,3,,,,,,28,,,,,,3,40,,,,,,,
1965.11,799,,,,,67,,,,,,,25,56,34,,,22,,25,,,,,,,,,13,,,28,,,,,,,10,,,49,62,,,,28,,40,,,47,,,,46,,,,,5,,,6,,,,3,,,12,,,,,6,,,,,55,,,,,,,,,3,,,,,,29,,,,,,3,39,,,,,,,
1966.01,802,,,,,67,,,,,,,28,58,35,,,23,,25,,,,,,,,,13,,,31,,,,,,,10,,,49,63,,,,28,,41,,,47,,,,47,,,,,5,,,7,,,,3,,,12,,,,,6,,,,,54,,,,,,,,,3,,,,,,29,,,,,,3,40,,,,,,,
1966.03,799,,,,,70,,,,,,,29,59,35,,,23,,26,,,,,,,,,13,,,35,,,,,,,10,,,49,63,,,,27,,41,,,50,,,,48,,,,,6,,,7,,,,3,,,12,,,,,6,,,,,52,,,,,,,,,2,,,,,,31,,,,,,3,41,,,,,,,
1966.05,805,,,,,70,,,,,,,29,63,35,,,24,,27,,,,,,,,,12,,,36,,,,,,,10,,,47,64,,,,29,,44,,,49,,,,49,,,,,6,,,8,,,,4,,,12,,,,,7,,,,,52,,,,,,,,,2,,,,,,29,,,,,,3,39,,,,,,,
1966.07,779,,,,,69,,,,,,,29,62,35,,,24,,28,,,,,,,,,12,,,37,,,,,,,10,,,45,66,,,,27,,45,,,49,,,,47,,,,,7,,,8,,,,5,,,12,,,,,7,,,,,47,,,,,,,,,2,,,,,,29,,,,,,3,42,,,,,,,
1966.09,771,,,,,69,,,,,,,29,62,36,,,25,,28,,,,,,,,,12,,,36,,,,,,,10,,,44,66,,,,27,,46,,,46,,,,48,,,,,7,,,8,,,,5,,,11,,,,,7,,,,,47,,,,,,,,,2,,,,,,30,,,,,,3,43,,,,,,,
1966.11,744,,,,,70,,,,,,,29,58,36,,,25,,30,,,,,,,,,11,,,38,,,,,,,9,,,44,65,,,,28,,45,,,46,,,,48,,,,,7,,,8,,,,4,,,12,,,,,7,,,,,45,,,,,,,,,2,,,,,,30,,,,,,3,42,,,,,,,
1967.01,746,,,,,71,,,,,,,29,57,36,,,26,,29,,,,,,,,,11,,,39,,,,,,,9,,,44,62,,,,28,,46,,,43,,,,49,,,,,7,,,8,,,,4,,,14,,,,,8,,,,,45,,,,,,,,,2,,,,,,28,,,,,,3,42,,,,,,,
1967.03,741,,,,,53,,,,,,,28,56,38,,,28,,28,,,,,,,,,10,,,38,,,,,,,8,,,43,62,,,,28,,47,,,42,,,,50,,,,,7,,,7,13,,,5,,,15,,,,,8,,,,,45,,,,,,,,,3,,,,,,27,,,,,,3,40,,,,,,,
1967.05,753,,,,,56,,,,,,,26,58,39,,,28,,28,,,,,,,,,9,,,38,,,,,,,8,,,41,62,,,,29,,46,,,42,,,,50,,,,,7,,,7,14,,,5,,,16,,,,,8,,,,,48,,,,,,,,,3,,,,,,28,,,,,,3,40,,,,,,,
1967.07,711,,,,,52,,,,,,,25,57,33,,,26,,28,,,,,,,,,8,,,34,,,,,,,7,,,40,61,,,,28,,36,,,42,,,,47,,,,,8,,,7,14,,,5,,,13,,,,,6,,,,,48,,,,,,,,,2,,,,,,26,,,,,,2,39,,,,,,,
1967.09,702,,,,,52,,,,,,,26,57,33,,,25,,28,,,,,,,,,8,,,35,,,,,,,7,,,40,60,,,,28,,35,,,46,,,,47,,,,,8,,,6,15,,,5,,,13,,,,,6,,,,,47,,,,,,,,,2,,,,,,25,,,,,,2,38,,,,,,,
1967.11,687,,,,,51,,,,,,,26,54,35,,,25,,26,,,,,,,,,8,,,36,,,,,,,7,,,38,59,,,,27,,34,,,46,,,,47,,,,,8,,,6,16,,,5,,,13,,,,,6,,,,,46,,,,,,,,,2,,,,,,23,,,,,,2,35,,,,,,,
1968.01,693,,,,,55,,,,,,,25,56,34,,,27,,26,,,,,,,,,8,,,37,,,,,,,7,,,39,59,,,,27,,36,,,46,,,,48,,,,,8,,,5,15,,,5,,,13,,,,,6,,,,,46,,,,,,,,,2,,,,,,23,,,,,,2,35,,,,,,,
1968.03,663,,,,,54,,,,,,,22,51,32,,,27,,26,,,,,,,,,7,,,33,,,,,,,7,,,37,51,,,,27,,36,,,45,,,,49,,,,,6,,,5,15,,,5,,,13,,,,,6,,,,,43,,,,,,,,,3,,,,,,23,,,,,,2,33,,,,,,,
1968.05,664,,,,,58,,,,,,,22,51,33,,,27,,28,,,,,,,,,7,,,32,,,,,,,6,,,36,50,,,,27,,36,,,47,,,,48,,,,,7,,,5,17,,,5,,,14,,,,,6,,,,,42,,,,,,,,,4,,,,,,20,,,,,,2,34,,,,,,,
1968.07,643,,,,,57,,,,,,,21,51,33,,,24,,27,,,,,,,,,7,,,30,,,,,,,6,,,35,48,,,,26,,35,,,46,,,,47,,,,,8,,,3,17,,,4,,,14,,,,,4,,,,,41,,,,,,,,,2,,,,,,20,,,,,,1,34,,,,,,,
1968.09,643,,,,,58,,,,,,,20,51,33,,,24,,28,,,,,,,,,8,,,29,,,,,,,6,,,34,48,,,,26,,34,,,45,,,,47,,,,,8,,,3,17,,,3,,,13,,,,,4,,,,,41,,,,,,,,,2,,,,,,20,,,,,,1,33,,,,,,,
1968.11,615,,,,,53,,,,,,,19,51,33,,,21,,29,,,,,,,,,8,,,30,,,,,,,6,,,33,43,,,,23,,31,,,42,,,,42,,,,,7,,,4,16,,,3,,,14,,,,,4,,,,,40,,,,,,,,,2,,,,,,21,,,,,,1,30,,,,,,,
1969.01,608,,,,,55,,,,,,,18,48,31,,,23,,29,,,,,,,,,8,,,30,,,,,,,6,,,33,40,,,,24,,33,,,40,,,,42,,,,,7,,,3,15,,,3,,,14,,,,,5,,,,,40,,,,,,,,,2,,,,,,21,,,,,,1,28,,,,,,,
1969.03,586,,,,,52,,,,,,,19,47,30,,,22,,27,,,,,,,,,7,,,28,,,,,,,6,,,31,37,,,,23,,35,,,44,,,,40,,,,,7,,,3,14,,,3,,,14,,,,,5,,,,,38,,,,,,,,,2,,,,,,20,,,,,,1,28,,,,,,,
1969.05,620,,,,,55,,,,,,,19,47,32,,,20,,30,,,,,,,,,8,,,28,,,,,,,6,,,32,38,,,,22,,38,,,45,,,,40,,,,,8,,,4,18,,,4,,,15,,,,,4,,,,,39,,,,,,,,,2,,,,,,20,,,,,,1,32,,,,,,,
1969.07,602,,,,,51,,,,,,,18,46,32,,,20,,29,,,,,,,,,7,,,26,,,,,,,5,,,31,39,,,,21,,39,,,43,,,,38,,,,,8,,,4,17,,,3,,,15,,,,,4,,,,,36,,,,,,,,,2,,,,,,19,,,,,,1,32,,,,,,,
1969.09,598,,,,,49,,,,,,,17,47,34,,,20,,31,,,,,,,,,7,,,27,,,,,,,6,,,29,39,,,,21,,39,,,41,,,,40,,,,,8,,,4,17,,,3,,,15,,,,,4,,,,,34,,,,,,,,,2,,,,,,18,,,,,,,30,,,,,,,
1969.11,593,,,,,47,,,,,,,20,46,34,,,18,,30,,,,,,,,,7,,,27,,,,,,,6,,,29,39,,,,21,,37,,,41,,,,40,,,,,8,,,5,17,,,3,,,15,,,,,5,,,,,38,,,,,,,,,2,,,,,,18,,,,,,,30,,,,,,,
1970.01,596,,,,,49,,,,,,,21,48,33,,,18,,28,,,,,,,,,6,,,29,,,,,,,6,,,26,41,,,,22,,38,,,38,,,,39,,,,,8,,,5,17,,,3,,,17,,,,,4,,,,,38,,,,,,,,,5,,,,,,17,,,,,,,30,,,,,,,
1970.03,586,,,,,47,,,,,,,23,44,33,,,17,,29,,,,,,,,,6,,,24,,,,,,,6,,,27,41,,,,20,,38,,,38,,,,39,,,,,7,,,5,17,,,3,,,18,,,,,4,,,,,38,,,,,,,,,5,,,,,,16,,,,,,,32,,,,,,,
1970.05,596,,,,,47,,,,,,,24,45,30,,,18,,29,,,,,,,,,6,,,23,,,,,,,6,,,28,44,,,,20,,40,,,37,,,,41,,,,,7,,,6,16,,,4,,,18,,,,,4,,,,,41,,,,,,,,,3,,,,,,17,,,,,,,31,,,,,,,
1970.07,572,,,,,47,,,,,,,25,40,30,,,16,,28,,,,,,,,,5,,,19,,,,,,,6,,,27,43,,,,20,,40,,,37,,,,39,,,,,7,,,6,16,,,4,,,15,,,,,4,,,,,41,,,,,,,,,3,,,,,,16,,,,,,,30,,,,,,,
1970.09,597,,,,,48,,,,,,,26,41,30,,,17,,29,,,,,,,,,6,,,18,,,,,,,8,,,26,44,,,,19,,41,,,34,,,,43,,,,,7,,,6,19,,,4,,,15,,,,,3,,,,,51,,,,,,,,,3,,,,,,16,,,,,,,33,,,,,,,
1970.11,582,,,,,50,,,,,,,15,39,30,,,16,,27,,,,,,,,,6,,,18,,,,,,,7,,,25,43,,,,17,,39,,,33,,,,43,,,11,,7,,,7,19,,,4,,,14,,,,,2,,,,,52,,,,,,,,,3,,,,,,15,,,,,,,32,,,,,,,
1971.01,591,,,,,53,,,,,,,15,39,32,,,16,,29,,,,,,,,,6,,,19,,,,,,,7,,,24,45,,,,16,,39,,,33,,,,45,,,12,,7,,,7,19,,,4,,,14,,,,,2,,,,,50,,,,,,,,,5,,,,,,15,,,,,,,29,,,,,,,
1971.03,586,,,,,52,,,,,,,14,38,32,,,16,,29,,,,,,,,,6,,,19,,,,,,,7,,,25,44,,,,14,,38,,,32,,,,45,,,13,,6,,,7,19,,,4,,,14,,,,,2,,,,,50,,,,,,,,,6,,,,,,16,,,,,,,24,,,,,,,
1971.05,589,,,,,50,,,,,,,14,39,30,,,16,,29,,,,,,,,,5,,,20,,,,,,,7,,,24,47,,,,13,,38,,,34,,,,46,,,14,,6,,,8,19,,,4,,,14,,,,,2,,,,,52,,,,,,,,,6,,,,,,14,,,,,,,26,,,,,,,
1971.07,600,,,,,50,,,,,,,15,40,30,,,16,,29,,,,,,,,,6,,,23,,,,,,,6,,,25,46,,,,13,,38,,,34,,,,45,,,16,,6,,,8,18,,,3,,,15,,,,,2,,,,,56,,,,,,,,,6,,,,,,13,,,,,,,27,,,,,,,
1971.09,612,,,,,50,,,,,,,15,43,31,,,16,,31,,,,,,,,,6,,,22,,,,,,,6,,,25,45,,,,13,,35,,,33,,,,45,,,17,,6,,,8,19,,,3,,,15,,,,,2,,,,,65,,,,,,,,,5,,,,,,14,,,,,,,27,,2,,,,,
1971.11,610,,,,,51,,,,,,,14,42,31,,,17,,34,,,,,,,,,6,,,21,,,,,,,5,,,26,43,,,,13,,35,,,35,,,,45,,,17,,7,,,7,19,,,2,,,14,,,,,2,,,,,71,,,,,,,,,5,,,,,,13,,,,,,,25,,4,,,,,
1972.01,611,,,,,52,,,,,,,14,42,33,,,17,,29,,,,,,,,,6,,25,22,,,,,,,5,,,26,43,,,,13,,35,,,35,,,,45,,,16,,7,,,7,19,,,2,,,13,,,,,2,,,,,45,,,,,,,,,5,,,,,,13,,,,,,,25,,4,,,,,
1972.03,613,,,,,52,,,,,,,12,41,33,,,15,,31,,,,,,,,,6,,27,22,,,,,,,5,,,25,41,,,,13,,36,,,35,,,,44,,,16,,8,,,7,19,,,2,,,13,,,,,2,,,,,44,,,,,,,,,5,,,,,,13,,,,,,,25,,6,,,,,
1972.05,627,,,,,55,,,,,,,12,43,32,,,14,,33,,,,,,,,,6,,31,22,,,,,,,5,,,23,41,,,,13,,36,,,35,,,,43,4,,17,,8,,,7,21,,,3,,,13,,,,,2,,,,,44,,,,,,,,,5,,,,,,14,,,,,,,25,,7,,,,,
1972.07,594,,,,,50,,,,,,,11,42,32,,,14,,29,,,,,,,,,4,,31,22,,,,,,,4,,,22,37,,,,13,,34,,,35,,,,42,4,,16,,9,,,6,21,,,3,,,13,,,,,1,,,,,41,,,,,,,,,5,,,,,,13,,,,,,,25,,7,,,,,
1972.09,589,,,,,48,,,,,,,11,42,30,,,14,,29,,,,,,,,,4,,31,22,,,,,,,4,,,22,37,,,,13,,35,,,34,,,,43,5,,16,,8,,,6,19,,,3,,,12,,,,,1,,,,,41,,,,,,,,,5,,,,,,13,,,,,,,27,,7,,,,,
1972.11,577,,,,,45,,,,,,,10,40,30,,,13,,29,,,,,,,,,4,,33,21,,,,,,,4,,,22,38,,,,15,,33,,,35,,,,43,6,,16,,8,,,6,19,,,2,,,12,,,,,1,,,,,38,,,,,,,,,6,,,,,,13,,,,,,,27,,8,,,,,
1973.01,566,,,,,44,,,,,,,9,41,26,,,11,,29,,,,,,,,,4,,32,21,,,,,,,4,,,23,38,,,,15,,31,,,38,,,,42,7,,16,,8,,,6,19,,,2,,,11,,,,,1,,,,,36,,,,,,,,,6,,,,,,12,,,,,,,27,,8,,,,,
1973.03,616,,,,,45,,,,,,,10,46,27,,,13,,29,,,,,,,,,4,,34,22,,,,,,,7,,,26,44,,,,15,,31,,,36,,,,44,10,,17,,8,,,6,20,,,2,,,13,,,,,,,,,,38,,,,,,,,,6,,,,,,13,,,,,,,28,,9,,,,,
1973.05,608,,,,,44,,,,,,,9,42,27,,,13,,29,,,,,,,,,4,,34,21,,,,,,,7,,,26,43,,,,15,,31,,,33,,,,43,10,,17,,8,,,7,22,,,2,,,15,,,,,,,,,,38,,,,,,,,,6,,,,,,13,,,,,,,27,,9,,,,,
1973.07,596,,,,,44,,,,,,,9,41,26,,,12,,29,,,,,,,,,4,,35,21,,,,,,,6,,,26,44,,,,15,,31,,,33,,,,42,11,,16,,7,,,7,22,,,2,,,15,,,,,,,,,,38,,,,,,,,,6,,,,,,13,,,,,,,27,,8,,,,,
1973.09,594,,,,,46,,,,,,,9,39,25,,,11,,26,,,,,,,,,4,,36,21,,,,,,,6,,,26,47,,,,15,,31,,,33,,,,41,11,,15,,7,,,7,23,,,2,,,15,,,,,,,,,,36,,,,,,,,,6,,,,,,14,,,,,,,27,,9,,,,,
1973.11,581,,,,,45,,,,,,,8,40,24,,,11,,26,,,,,,,,,4,,35,20,,,,,,,6,,,26,48,,,,15,,32,,,33,,,,36,11,,15,,6,,,7,23,,,2,,,15,,,,,,,,,,35,,,,,,,,,5,,,,,,14,,,,,,,27,,9,,,,,
1974.01,582,,,,,47,,,,,,,8,40,22,,,11,,26,,,,,,,,,4,,35,19,,,,,,,6,,,27,49,,,,15,,32,,,35,,,,36,11,,14,,6,,,7,23,,,2,,,16,,,,,,,,,,34,,,,,,,,,5,,,,,,12,,,,,,,27,,10,,,,,
1974.03,624,,,,,52,,,,,,,8,43,22,,,11,,27,,,,,,,,,4,,41,20,,,,,,,6,,,28,51,,,,14,,34,,,37,,,,32,11,,16,,6,,,7,25,,,2,,,20,,,,,,,,,,37,,,,,,,,,6,,,,,,12,,,,,,,28,,11,,,,,
1974.05,635,,,,,53,,,,,,,8,43,23,,,11,,30,,,,,,,,,4,,40,20,,,,,,8,6,,,29,51,,,,14,,34,,,36,,,,33,12,,15,,6,,,7,25,,,2,,,19,,,,,,,,,,38,,,,,,,,,6,,,,,,11,,,,,,,28,,12,,,,,
1974.07,620,,,,,53,,,,,,,8,38,23,,,11,,30,,,,,,,,,4,,40,19,,,,,,8,6,,,28,48,,,,13,,34,,,37,,,,32,11,,15,,6,,,7,23,,,2,,,19,,,,,,,,,,38,,,,,,,,,6,,,,,,11,,,,,,,28,,13,,,,,
1974.09,623,,,,,53,,,,,,,8,38,23,,11,12,,27,,,,,,,,,4,,41,23,,,,,,9,6,,,28,48,,,,13,,34,,,36,,,,34,13,,15,,6,,,7,10,,,2,,,20,,,,,,,,,,38,,,,,,,,,6,,,,,,11,,,,,,,27,,13,,,,,
1974.11,606,,,,,47,,,,,,,7,38,22,,11,12,,26,,,,,,,,,4,,41,25,,,,,,9,6,,,27,48,,,,16,,33,,,35,,,,32,13,,13,,6,,,7,10,,,2,,,21,,,,,,,,,,38,,,,,,,,,5,,,,,,10,,,,,,,27,,13,,,,,
1975.01,611,,,,,47,,,,,,,7,43,22,,11,11,,26,,,,,,,,,4,,41,28,,,,,,10,7,,,27,46,,,,17,,33,,,39,,,,33,13,,13,,6,,,7,10,,,2,,,20,,,,,,,,,,37,,,,,,,,,4,,,,,,10,,,,,,,27,,13,,,,,
1975.03,660,,,,,50,,,,,,,9,42,22,,13,11,,28,,,,,,,,,3,,47,34,,,,,,10,8,,,29,46,,,,17,,35,,,39,,,,35,17,,13,,6,,,9,12,,,,,,24,,,,,,,,,,40,,,,,,,,,4,,,,,,10,,,,,,,26,,12,,,,,
1975.05,670,,,,,52,,,,,,,9,43,22,,19,12,,28,,,,,,,,,3,,50,34,,,,,,10,8,,,28,43,,,,16,,35,,,38,,,,34,17,,13,,7,,,9,12,,,,,,24,,,,,,,,,,40,,,,,,,,,4,,,,,,10,,,,,,,26,,13,,,,,
1975.07,656,,,,,51,,,,,,,9,42,22,,19,12,,27,,,,,,,,,4,,50,34,,,,,,10,8,,,28,41,,,,16,,34,,,36,,,,33,16,,12,,8,,,9,12,,,,,,25,,,,,,,,,,36,,,,,,,,,4,,,,,,10,,,,,,,26,,13,,,,,
1975.09,652,,,,,52,,,,,,,9,42,22,,19,10,,27,,,,,,,,,4,,49,34,,,,,,12,8,,,28,42,,,,17,,34,,,35,,,,33,16,,12,,8,,,9,12,,,,,,25,,,,,,,,,,35,,,,,,,,,4,,,,,,10,,,,,,,26,,13,,,,,
1975.11,650,,,,,53,,,,,,,10,42,21,,20,10,,27,,,,,,,,,4,,49,36,,,,,,11,8,,,29,40,,,,14,,33,,,32,,,,30,15,,14,,8,,,9,13,,,,,,24,,,,,,,,,,28,,,,2,,,,6,4,,,,,,10,,,,,,,27,,13,,,,,
1976.01,644,,,,,53,,,,,,,9,42,21,,20,10,,27,,,,,,,,,4,,47,37,,,,,,11,8,,,28,39,,,,14,,33,,,33,,,,30,16,,14,,7,,,9,12,,,,,,24,,,,,,,,,,28,,,,2,,,,7,4,,,,,,10,,,,,,,28,,13,,,,,
1976.03,699,,,,,59,,,,,,,10,44,22,,26,9,,27,,,,,,,,,6,,54,42,,,,,,10,8,,,31,45,,,,14,,36,,,32,,,,28,18,,14,,7,,,9,13,,,,,,25,,,,,,,,,,29,,,,5,,,,9,6,,,,,,10,,,,,,,30,,16,,,,,
1976.05,685,,,,,59,,,,,,,10,43,22,,26,8,,27,,,,,,,,,6,,50,42,,,,,,10,8,,,30,45,,,,14,,36,,,32,,,,27,18,,13,,8,,,9,13,,,,,,25,,,,,,,,,,28,,,,5,,,,10,6,,,,,,10,,,,,,,28,,16,,,,,
1976.07,670,,,,,55,,,,,,,10,42,22,,25,8,,27,,,,,,,,,6,,50,42,,,,,,10,7,,,29,45,,,,14,,38,,,30,,,,27,17,,12,,7,,,7,13,,,,,,24,,,,,,,,,,25,,,,4,,,,10,6,,,,,,10,,,,,,,26,,16,,,,,
1976.09,663,,,,,52,,,,,,,11,41,23,,25,6,,27,,,,,,,,,7,,49,43,,,,,,9,7,,,29,46,,,,14,,37,,,30,,,,27,17,,11,,7,,,7,15,,,,,,24,,,,,,,,,,24,,,,4,,,,11,5,,,,,,9,,,,,,,26,,16,,,,,
1976.11,643,,,,,52,,,,,,,11,40,22,,25,4,,25,,,,,,,,,7,,49,42,,,,,,11,7,,,29,44,,,,8,,37,,,30,,,,26,17,,11,,7,,,6,15,,,,,,23,,,,,,,,,,22,,,,3,,,,11,5,,,,,,9,,,,,,,25,,16,,,,,
1977.01,627,,,,,51,,,,,,,11,38,22,,25,4,,25,,,,,,,,,7,,44,41,,,,,,11,7,,,28,42,,,,7,,38,,,35,,,,26,17,,10,,7,,,6,16,,,,,,23,,,,,,,,,,20,,,,3,,,,11,5,,,,,,9,,,,,,,25,,16,,,,,
1977.03,682,,,,,54,,,,,,,10,39,24,,25,4,,28,,,,,,,,,10,,45,43,,,,,,14,8,,,30,50,,,,8,,40,,,32,,,,26,20,,12,,8,,,6,18,,,,,,23,,,,,,,,,,20,,,,4,,,,18,6,,,,,,12,,,,,,,26,,16,,,,,
1977.05,676,,,,,49,,,,,,,10,36,25,,25,5,,27,,,,,,,,,10,,45,45,,,,,,14,8,,,30,45,,,,8,,39,,,32,,,,27,22,,11,,8,,,6,18,,,,,,25,,,,,,,,,,20,,,,5,,,,19,6,,,,,,12,,,,,,,26,,16,,,,,
1977.07,662,,,,,49,,,,,,,8,36,23,,25,6,,27,,,,,,,,,10,,45,44,,,,,,14,8,,,29,43,,,,7,,38,,,30,,,,27,21,,11,,8,,,6,18,,,,,,25,,,,,,,,,,18,,,,5,,,,18,7,,,,,,10,,,,,,,27,,14,,,,,
1977.09,657,,,,,48,,,,,,,8,38,23,,24,5,,25,,,,,,,,,10,,42,44,,,,,,14,8,,,29,44,,,,7,,38,,,28,,,,27,21,,10,,8,,,6,18,,,,,,25,,,,,,,,,,18,,,,5,,,,19,7,,,,,,10,,,,,,,30,,14,,,,,
1977.11,641,,,,,46,,,,,,,9,37,23,,41,5,,25,,,,,,,,,11,,41,44,,,,,,13,8,,,28,44,,,,7,,37,,,28,,,,28,20,,11,,8,,,6,,,,,,,24,,,,,,,,,,17,,,,4,,,,19,7,,,,,,9,,,,,,,26,,13,,,,,
1978.01,626,,,,,45,,,,,,,9,37,23,,35,5,,24,,,,,,,,,11,,38,44,,,,,,12,8,,,27,44,,,,7,,35,,,28,,,,28,21,,11,,8,,,6,,,,,,,24,,,,,,,,,,18,,,,3,,,,18,7,,,,,,9,,,,,,,28,,13,,,,,
1978.03,681,,,,,49,,,,,,,9,37,23,,37,5,,25,,,,,,,,,11,,40,51,,,,,,13,7,,,28,49,,,,8,,36,,,29,,,,31,21,,12,,8,,,9,,,,,,,25,,,,,,,,,,18,,,,5,,,,28,6,,,,,,8,,,,,,,35,,14,,,,,
1978.05,680,,,,,48,,,,,,,9,36,23,,37,6,,25,,,,,,,,,11,,39,53,,,,,,14,7,,,27,46,,,,9,,36,,,31,,,,30,22,,12,,8,,,9,,,,,,,24,,,,,,,,,,18,,,,7,,,,27,6,,,,,,8,,,,,,,35,,14,,,,,
1978.07,662,,,,,47,,,,,,,8,34,22,,34,5,,26,,,,,,,,,10,,39,51,,,,,,13,7,,,25,42,,,,8,,35,,,31,,,,30,22,,12,,7,,,9,,,1,,,,23,,,,,,,,,,17,,,,7,,,,28,6,,,,,,8,,,,,,,35,,15,,,,,
1978.09,653,,,,,47,,,,,,,8,34,22,,34,5,,25,,,,,,,,,10,,37,48,,,,,,13,7,,,25,42,,,,8,,35,,,29,,,,31,22,,12,,7,,,9,,,1,,,,22,,,,,,,,,,17,,,,8,,,,28,6,,,,,,8,,,,,,,33,,16,,,,,
1978.11,629,,,,,47,,,,,,,8,36,23,,29,6,,24,,,,,,,,,10,,37,44,,,,,,13,7,,,27,37,,,,8,,32,,,29,,,,25,22,,12,,7,,,8,,,1,,,,22,,,,,,,,,,17,,,,8,,,,28,6,,,,,,8,,,,,,,32,,14,,,,,
1979.01,625,,,,,48,,,,,,,6,39,23,,29,6,,24,,,,,,,,,10,,36,42,,,,,,13,8,,,28,37,,,,7,,33,,,34,,,,25,21,,10,,7,,,8,,,1,,,,22,,,,,,,,,,17,,,,8,,,,28,6,,,,,,8,,,,,,,30,,14,,,,,
1979.03,702,,,,,48,,,,,,,9,47,23,,33,5,,24,,,,,,,,,11,,37,48,,,,,,12,9,,,32,41,,,,8,,46,,,33,,,,32,19,,16,,7,,,8,,,3,,,,26,,,,,,,,,,18,,,,12,,,,31,8,,,,,,8,,,,,,,32,,14,,,,,
1979.05,717,,,,,49,,,,,,1,8,49,23,,35,7,,24,,,,,,,,,11,,39,49,,,,,,12,9,,,33,41,,,,9,,47,,,33,,,,33,20,,16,,7,,,9,,,4,,,,26,,,,,,,,,,18,,,,12,,,,30,8,,,,,,8,,,,,,,33,,14,,,,,
1979.07,707,,,,,49,,,,,,2,7,47,19,,33,7,,23,,,,,,,,,11,,38,48,,,,,,12,7,,,33,41,,,,9,,45,,,33,,,,34,21,,17,,7,,,9,,,5,,,,26,,,,,,,,,,18,,,,14,,,,29,8,,,,,,7,,,,,,,33,,15,,,,,
1979.09,705,,,,,49,,,,,,3,7,48,19,,34,9,,23,,,,,,,,,11,,37,49,,,,,,12,7,,,31,41,,,,8,,45,,,32,,,,33,20,,17,,7,,,9,,,5,,,,26,,,,,,,,,,18,,,,14,,,,29,8,,,,,,7,,,,,,,31,,15,,,,,
1979.11,671,,,,,45,,,,,,3,7,47,18,,34,9,,23,,,,,,,,,10,,36,47,,,,,,12,5,,,29,39,,,,8,,40,,,34,,,,30,21,,17,,5,,,8,,,5,,,,24,,,,,,,,,,16,,,,13,,,,30,8,,,,,,7,,,,,,,30,,13,,,,,
1980.01,656,,,,,44,,,,,,3,7,45,18,,30,7,,21,,,,,,,,,10,,35,47,,,,,,12,5,,,30,36,,,,7,,41,,,41,,,,29,20,,16,,5,,,8,,,5,,,,23,,,,,,,,,,15,,,,14,,,,32,8,,,,,,7,,,,,,,29,,12,,,,,
1980.03,744,,,,,45,,,,,,6,8,49,18,,31,7,,22,,,,,,,,,11,,40,52,,,,,,13,5,,,32,35,,,,8,,48,,,42,,,,34,21,,19,,5,,,9,,,5,,,,25,,,,,,,,,,18,,,,15,,,9,37,9,,,,,,7,,,,,,,34,,11,,,,,
1980.05,755,,,,,45,,,,,,6,9,51,19,,30,7,,23,,,,,,,,,12,,41,52,,,,,,13,5,,,33,32,,,,8,,51,,,41,,,,34,21,,20,,5,,,10,,,5,,,,24,,,,,,,,,,17,,,,15,,,11,38,9,,,,,,7,,,,,,,34,,11,,,,,
1980.07,736,,,,,42,,,,,,6,8,48,19,,30,7,,24,,,,,,,,,11,,36,50,,,,,,12,5,,,32,32,,,,7,,49,,,40,,,,34,20,,21,,5,,,10,,,6,,,,25,,,,,,,,,,17,,,,15,,,15,35,8,,,,,,6,,,,,,,35,,10,,,,,
1980.09,729,,,,,44,,,,,,4,8,47,19,,29,7,,23,,,,,,,,,11,,36,49,,,,,,12,5,,,33,32,,,,7,,51,,,40,,,,32,19,,21,,6,,,10,,,6,,,,23,,,,,,,,,,14,,,,15,,,17,35,8,,,,,,6,,,,,,,36,,9,,,,,
1980.11,701,,,,,41,,,,,,4,8,45,18,,28,7,,21,,,,,,,,,11,,36,49,,,,,,11,2,,,32,30,,,,9,,49,,,40,,,,33,19,,21,,5,,,9,,,6,,,,22,,,,,,,,,,14,,,,16,,,15,35,8,,,,,,5,,,,,,,35,,9,,,,,
1981.01,697,,,,,42,,,,,,4,8,46,16,,28,7,,20,,,,,,,,,11,,36,48,,,,,,11,3,,,32,30,,,,9,,47,,,31,,,,33,18,,21,,5,,,9,,,5,,,,22,,,,,,,,,,15,,,,16,,,15,35,7,,,,,,5,,,,,,,35,,9,,,,,
1981.03,781,,,,,47,,,,,,7,10,56,16,,29,7,,19,,,,,,,,,13,,35,58,,,,,,12,5,,,30,32,,,,10,,52,,,29,,13,,38,21,,21,,13,,,9,,,7,,,,26,,,,,,,,,,16,,,,17,,,21,36,7,,,,,,5,,,,,,,38,,9,,,,,
1981.05,780,,,,,47,,,,,,8,11,55,17,,28,7,,19,,,,,,,,,13,,38,57,,,,,,12,5,,,30,30,,,,9,,55,,,30,,15,,37,21,,21,,13,,,10,,,7,,,,26,,,,,,,,,,16,,,,17,,,20,36,7,,,,,,5,,,,,,,40,,9,,,,,
1981.07,760,,,,,45,,,,,,8,11,54,16,,28,6,,19,,,,,,,,,13,,34,57,,,,,,12,5,,,27,29,,,,9,,52,,,29,,15,,39,20,,21,,13,,,10,,,7,,,,26,,,,,,,,,,15,,,,17,,,20,36,7,,,,,,4,,,,,,,40,,9,,,,,
1981.09,746,,,,,41,5,,,,,8,12,51,13,,28,6,,18,,,,,,,,,13,,33,56,,,,,,12,5,,,26,29,,,,9,,50,,,27,,15,,36,19,,21,,13,,,10,,,7,,,,27,,,,,,,,,,15,,,,17,,,20,36,7,,,,,,4,,,,,,,40,,8,,,,,
1981.11,728,,,,,40,5,,,,,8,10,51,13,,26,6,,16,,,,,,,,,13,,29,54,,,,,,12,5,,,25,29,,,,8,,50,,,25,,16,,36,19,,21,,13,,,10,,,7,,,,27,,,,,,,,,,15,,,,17,,,20,34,7,,,,,,4,,,,,,,40,,8,,,,,
1982.01,714,,,,,40,6,,,,,8,10,50,12,,24,6,,16,,,,,,,,,14,,28,53,,,,,,10,5,,,25,28,,,,9,,46,,,28,,16,,36,19,,22,,13,,,10,,,7,,,,28,,,,,,,,,,14,,,,16,,,19,34,7,,,,,,4,,,,,,,40,,8,,,,,
1982.03,791,,,,,41,13,,,,,10,11,55,13,,31,8,,16,,,,,,,,,13,,31,56,,,,,,11,6,,,24,35,,,,11,,36,,,27,,19,,39,21,,22,,17,,,10,,,7,,,,29,,,,,,,,,,17,,,,16,,,22,39,8,,,,,15,4,,,,,,,42,,10,,,,,
1982.05,787,,,,,41,13,,,,,9,11,55,14,,31,8,,16,,,,,,,,,13,,32,55,,,,,,11,7,,,24,35,,,,11,,35,,,19,,20,,41,20,,21,,17,,,12,,,6,,,,29,,,,,,,,,,16,,,,16,,,22,38,8,,,,,16,4,,,,,,,41,,10,,,,,
1982.07,761,,,,,37,11,,,,,10,11,55,13,,31,8,,17,,,,,,,,,12,,32,55,,,,,,11,8,,,23,35,,,,11,,34,,,21,,18,,40,19,,19,,16,,,12,,,7,,,,29,,,,,,,,,,15,,,,16,,,21,37,6,,,,,17,4,,,,,,,41,,9,,,,,
1982.09,762,,,,,37,11,,,,,10,11,53,13,,31,8,,17,,,,,,,,,11,,30,55,,,,,,11,8,,,22,35,,,,12,,34,,,21,,18,,41,19,,19,,16,,,12,,,9,,,,29,,,,,,,,,,15,,,,16,,,21,38,6,,,,,19,3,,,,,,,41,,9,,,,,
1982.11,734,,,,,36,11,,,,,9,10,52,13,,30,7,,17,,,,,,,,,10,,27,53,,,,,,12,7,,,21,34,,,,12,,33,,,21,,18,,41,19,,18,,16,,,11,,,10,,,,27,,,,,,,,,,15,,,,16,,,21,35,6,,,,,19,,,,,,,,38,,9,,,,,
1983.01,725,,,,,37,11,,,,,9,10,52,12,,31,7,1,16,,,,,,,,,11,,27,51,,,,,,12,7,,,19,30,,,,12,,33,,,20,,19,,40,19,,18,,16,,,11,,,9,,,,27,,,,,,,,,,15,,,,16,,,21,35,6,,,,,19,,,,,,,,36,,9,,,,,
1983.03,800,,,,,40,14,,,,,9,14,53,15,,32,7,4,15,,,,,,,,,11,,33,52,,,,,,12,7,,,21,33,,,,15,,32,,,19,,20,,42,22,,22,,19,,,12,,,9,,,,32,,,,,,,,,,18,,,,16,,,25,38,7,,,,,32,,,,,,,,38,,9,,,,,
1983.05,799,,,,,39,14,,,,,11,14,53,14,,33,6,5,14,,,,,,,,,11,,32,52,,,,,,12,7,,,22,34,,,,15,,32,,,18,,21,,41,23,,22,,20,,,10,,,9,,,,32,,,,,,,,,,18,,,,16,,,24,39,7,,,,,30,,,,,,,,36,,9,,,,,
1983.07,786,,,,,39,14,,,,,11,14,52,13,,32,4,6,15,,,,,,,,,11,,30,52,,,,,,12,9,,,20,33,,,,15,,31,,,18,,21,,41,23,,22,,20,,,10,,,9,,,,32,,,,,,,,,,16,,,,16,,,24,39,6,,,,,28,,,,,,,,36,,9,,,,,
1983.09,778,,,,,36,14,,,,,11,14,51,13,,30,4,6,14,,,,,,,,,11,,30,53,,,,,,12,9,,,20,34,,,,15,,30,,,17,,22,,41,25,,22,,20,,,10,,,9,,,,32,,,,,,,,,,16,,,,15,,,24,38,5,,,,,27,,,,,,,,37,,8,,,,,
1983.11,767,,,,,36,14,,,,,11,14,50,13,,28,4,6,14,,,,,,,,,11,,30,54,,,,,,12,9,,,20,32,,,,15,,29,,,18,,22,,39,25,,22,,19,,,10,,,10,,,,32,,,,,,,,,,15,,,,15,,,24,38,5,,,,,26,,,,,,,,37,,8,,,,,
1984.01,765,,,,,36,15,,,,,11,15,48,13,,28,4,7,13,,,,,,,,,11,,30,54,,,,,,12,9,,,20,31,,,,15,,29,,,22,,22,,37,25,,22,,19,,,10,,,10,,4,,32,,,,,,,,,,15,,,,15,,,24,38,5,,,,,23,,,,,,,,36,,8,,,,,
1984.03,834,,,,,39,20,,,,,13,16,52,15,,30,4,10,14,,,,,,,,,12,,30,59,,,,,,14,8,,,20,31,,,,16,,28,,,22,,28,,42,25,,21,,18,,,10,,,13,,10,,38,,,,,,,,,,14,,,,16,,,29,41,4,,,,,28,,,,,,,,38,,6,,,,,
1984.05,831,,,,,38,19,,,,,16,18,50,15,,28,4,11,15,,,,,,,,,12,,30,57,,,,,,13,8,,,19,32,,,,16,,26,,,22,,28,,40,27,,21,,18,,,8,,,13,,11,,38,,,,,,,,,,14,,,,16,,,29,42,5,,,,,30,,,,,,,,36,,6,,,,,
1984.07,807,,,,,36,19,,,,,16,17,48,16,,26,3,11,13,,,,,,,,,12,,29,57,,,,,,13,8,,,18,33,,,,16,,26,,,22,,28,,37,26,,21,,18,,,8,,,12,,11,,35,,,,,,,,,,14,,,,17,,,30,39,5,,,,,28,,,,,,,,34,,5,,,,,
1984.09,808,,,,,36,18,,,,,15,16,46,16,,26,3,12,14,,,,,,,,,12,,28,55,,,,,,14,10,,,16,33,,,,16,,26,,,22,,28,,37,27,,21,,18,,,9,,,12,,12,,35,,,,,,,,,,14,,,,18,,,31,39,5,,,,,25,,,,,,,,36,,6,,,,,
1984.11,775,,,,,36,18,,,,,14,16,44,16,,22,5,11,14,,,,,,,,,12,,28,51,,,,,,15,11,,,14,32,,,,15,,25,,,20,,26,,35,27,,20,,17,,,8,,,12,,10,,33,,,,,,,,,,14,,,,18,,,30,33,5,,,,,25,,,,,,,,34,,6,,,,,
1985.01,773,,,,,36,18,,,,,14,16,44,15,,22,5,12,15,,,,,,,,,12,,28,51,,,,,,15,11,,,14,34,,,,16,,23,,,22,,24,,35,27,,20,,17,,,8,,,12,,10,,32,,,,,,,,,,14,,,,18,,,30,34,5,,,,,25,,,,,,,,33,,7,,,,,
1985.03,860,,,,,39,21,,,,,13,15,52,15,,31,5,14,17,,,,,,,,,14,,30,57,,,,,,19,13,,,16,39,,,,17,,25,,,23,,29,,33,31,,18,,17,,,12,,,13,,20,,36,,,,,,,,,,15,,,,17,,,29,35,4,,,,,30,,,,,,,,39,,7,,,,,
1985.05,858,,,,,40,21,,,,,13,15,50,15,,32,5,14,17,,,,,,,,,14,,30,54,,,,,,19,13,,,18,36,,,,17,,25,,,23,,30,,33,31,,18,,17,,,12,,,13,,20,,36,,,,,,,,,,15,,,,17,,,28,35,4,,,,,31,,,,,,,,40,,7,,,,,
1985.07,826,,,,,40,21,,,,,13,15,47,15,,30,5,11,17,,,,,,,,,14,,28,51,,,,,,19,11,,,15,35,,,,16,,25,,,23,,28,,32,31,,17,,18,,,11,,,11,,21,,35,,,,,,,,,,14,,,,17,,,27,34,4,,,,,29,,,,,,,,39,,7,,,,,
1985.09,826,,,,,39,21,,,,,13,15,48,15,,29,5,11,17,,,,,,,,,14,,29,51,,,,,,19,10,,,15,35,,,,16,,25,,,21,,29,,33,31,,17,,18,,,11,,,11,,21,,35,,,,,,,,,,14,,,,17,,,27,34,4,,,,,28,,,,,,,,39,,7,,,,,
1985.11,799,,,,,36,21,,,,,13,15,48,15,,29,5,12,17,,,,,,,,,13,,26,50,,,,,,18,10,,,13,35,,,,16,,24,,,19,,27,,30,31,,16,,18,,,11,,,11,,20,,33,,,,,,,,,,13,,,,17,,,25,34,4,,,,,28,,,,,,,,38,,5,,,,,
1986.01,793,,,,,34,21,,,,,13,15,48,15,,29,6,13,16,,,,,,,,,12,,25,48,,,,,,18,10,,,13,35,,12,,17,,21,,,,,47,,30,31,,16,,16,,,11,,,11,,21,,22,,,,,,,,,,13,,,,17,,,25,35,5,,,,,27,,,,,,,,39,,5,,,,,
1986.03,882,,,,,35,24,,,,,13,18,52,15,,30,6,16,19,,,,,,,,,13,,31,53,,,,,,20,11,,,17,40,,21,,20,8,23,,,,,48,,31,31,,16,,16,,,12,,,9,,27,,27,,,,,,,,,,15,,,,17,,,27,39,4,,,,,27,,,,,,,,41,,5,,,,,
1986.05,879,,,,,35,24,,,,,13,18,52,15,,30,6,15,20,,,,,,,,,14,,29,52,,,,,,20,10,,,17,40,,22,,20,9,23,,,,,47,,31,29,,16,,16,,,12,,,9,,26,,27,,,,,,,,,,15,,,,17,,,28,39,4,,,,,27,,,,,,,,42,,5,,,,,
1986.07,855,,,,,36,23,,,,,13,18,52,15,,28,6,14,20,,,,,,,,,13,,28,47,,,,,,19,10,,,18,40,,23,,19,12,23,,,,,46,,26,28,,16,,16,,,12,,,9,,24,,26,,,,,,,,5,,15,,,,17,,,28,36,,,,,,26,,,,,,,,43,,4,,,,,
1986.09,849,,,,,34,23,,,,,13,17,52,15,,28,6,14,20,,,,,,,,,13,,29,42,,,,,,20,10,,,18,38,,23,,19,14,24,,,,,45,,27,28,,16,,16,,,12,,,9,,24,,26,,,,,,,,6,,15,,,,18,,,28,36,,,,,,25,,,,,,,,41,,4,,,,,
1986.11,802,,,,,34,20,,,,,13,17,49,11,,28,6,14,19,,,,,,,,,12,,26,38,,,,,,20,9,,,17,37,,22,,19,13,23,,,,,41,,25,28,,14,,14,,,12,,,9,,24,,26,,,,,,,,5,,15,,,,16,,,28,32,,,,,,22,,,,,,,,39,,4,,,,,
1987.01,786,,,,,34,21,,,,,13,17,48,11,,27,6,12,19,,,,,,,,,12,,26,35,,,,,,20,9,,,17,36,,21,,19,13,23,,,,,38,,25,27,,14,,13,,,12,,,9,,23,,24,,,,,,,,6,,15,,,,16,,,27,32,,,,,,22,,,,,,,,38,,5,,,,,
1987.03,867,,,,,36,25,,,,,11,18,47,15,,30,7,12,19,,,,,,,,,14,,25,50,,,,,,24,10,,,19,37,,23,,18,17,25,,,,,38,,24,31,,14,,14,,,14,,,10,,26,,26,,,,,,,,15,,16,,,,17,,,30,35,,,,,,27,,,,,,,,41,,5,,,,,
1987.05,875,,,,,36,25,,,,,12,18,46,14,,30,8,13,20,,,,,,,,,13,,27,45,,,,,,23,9,,,18,37,,25,,18,19,25,,,,,38,,25,31,,14,,15,,,14,,,10,,25,,26,,,,,,,,15,,16,8,,,17,,,30,35,,,,,,28,,,,,,,,40,,5,,,,,
1987.07,844,,,,,33,23,,,,,12,18,43,13,,29,8,13,20,,,,,,,,,13,,26,46,,,,,,23,8,,,17,36,,25,,17,20,24,,,,,37,,22,32,,13,,15,,,12,,,9,,25,,25,,,,,,,,13,,16,9,,,15,,,29,33,,,,,,27,,,,,,,,38,,5,,,,,
1987.09,832,,,,,32,23,,,,,12,17,43,12,,28,8,13,20,,,,,,,,,14,,24,44,,,,,,23,8,,,17,35,,27,,17,19,23,,,,,37,,22,33,,13,,14,,,11,,,9,,25,,23,,,,,,,,13,,16,11,,,15,,,29,31,,,,,,27,,,,,,,,38,,5,,,,,
1987.11,813,,,,,32,22,,,,,11,17,42,12,,27,8,13,17,,,,,,,,,13,,23,43,,,,,,21,8,,,17,34,,26,,17,18,23,,,,,37,,21,33,,13,,14,,,11,,,9,,25,,23,,,,,,,,13,,16,11,,,15,,,29,29,,,,,,28,,,,,,,,36,,5,,,,,
1988.01,800,,,,,33,22,,,,,9,17,41,12,,27,7,10,17,,,,,,,,,13,,23,43,,,,,,21,9,,,16,29,,27,,16,18,23,,,,,37,,20,31,,12,,14,,,11,,,9,,27,,23,,,,,,,,12,,16,13,,,15,,,28,29,,,,,,28,,,,,,,,36,,5,,,,,
1988.03,852,,,,,31,23,,,,,9,17,43,12,,32,8,12,16,,,,,,,,,14,,23,52,,,,,,22,11,,,16,27,,32,,15,19,30,,,,,42,,18,34,,13,,15,,,11,,,8,,30,,22,,,,,,,,17,,16,15,,,15,,,30,31,,,,,,31,,,,,,,,34,,5,,,,,
1988.05,865,,,,,31,23,,,,,8,19,43,13,,35,10,12,15,,,,,,,,,13,,23,56,,,,,,23,13,,,15,28,,33,,14,18,31,,,,,43,,18,30,,15,,15,,,11,,,8,,31,,22,,,,,,,,18,,16,17,,,16,,,30,28,,,,,,33,,,,,,,,33,,4,,,,,
1988.07,843,,,,,31,23,,,,,8,18,41,13,,34,10,12,15,,,,,,,,,13,,22,55,,,,,,23,13,,,13,26,,32,,14,18,31,,,,,39,,18,30,,13,,15,,,11,,,8,,30,,21,,,,,,,,18,,16,19,,,16,,,29,27,,,,,,31,,,,,,,,31,,5,,,,,
1988.09,822,,,,,30,23,,,,,8,17,41,16,,33,9,11,14,,,,,,,,,13,,21,53,,,,,,24,12,,,13,25,,30,,14,18,30,,,,,36,,18,30,,13,,14,,,11,,,8,,31,,21,,,,,,,,18,,16,19,,,15,,,27,26,,,,,,28,,,,,,,,31,,4,,,,,
1988.11,795,,,,,29,23,,,,,8,17,42,16,,30,9,10,14,,,,,,,,,12,,21,52,,,,,,23,12,,,13,25,,30,,13,18,26,,,,,33,,18,30,,12,,14,,,12,,,8,,30,,21,,,,,,,,17,,15,16,,,11,,,27,26,,,,,,28,,,,,,,,29,,4,,,,,
1989.01,780,,,,,30,23,,,,,8,16,40,13,,27,9,10,14,,,,,,,,,12,,21,49,,,,,,25,13,,,14,26,,31,,13,17,24,,,,,30,,17,30,,10,,14,,,11,,,8,,29,,20,,,3,,,,,18,,15,16,,,11,,,24,27,,,,,,27,,,,,,,,28,,6,,,,,
1989.03,850,,,,,34,25,,,,,8,17,42,13,,32,8,12,15,,,,,,,,,12,,23,53,,,,,7,27,14,,,15,31,,35,,15,20,21,,,,,32,,17,34,,12,,13,,,11,,,8,,33,,22,,,3,,,,,16,,15,16,,,13,,,24,29,,,,,,30,,,,,,,,32,,10,,,,,
1989.05,836,,,,,34,24,,,,,8,17,40,13,,32,8,11,14,,,,,,,,,13,,21,53,,,,,8,27,11,,,15,33,,33,,15,18,20,,,,,32,,16,33,1,11,,13,,,11,,,8,,32,,22,,,3,,,,,14,,15,17,,,13,,,24,29,,,,,,31,,,,,,,,32,,11,,,,,
1989.07,820,,,,,33,24,,,,,8,16,36,14,,31,8,11,13,,,,,,,,,13,,19,52,,,,,8,26,11,,,15,33,,33,,15,17,20,,,,,32,,14,33,1,11,,13,,,11,,,8,,32,,22,,,3,,,,,14,,15,17,,,13,,,23,28,,,,,,31,,,,,,,,32,,11,,,,,
1989.09,810,,,,,33,25,,,,,8,16,34,14,,30,8,11,13,,,,,,,,,13,,19,51,,,,,9,26,11,,,15,33,,32,,15,16,20,,,,,30,,14,33,1,11,,12,,,11,,,8,,30,,22,,,3,,,,,14,,15,17,,,13,,,22,28,,,,,,31,,,,,,,,32,,11,,,,,
1989.11,779,,,,,34,25,,,,,7,16,32,10,,30,8,10,13,,,,,,,,,13,,16,50,,,,,9,26,10,,,14,30,,29,,15,15,19,,,,,29,,11,33,1,11,,12,,,11,,,8,,31,,21,,,3,,,,,14,,15,16,,,13,,,22,26,,,,,,29,,,,,,,,31,,11,,,,,
1990.01,769,,,,,34,23,,,,,7,18,32,10,,30,8,11,12,,,,,,,,,14,,16,48,,,,,9,26,10,,,15,28,,28,,15,13,17,,,,,28,,11,33,1,11,,12,,,11,,,8,,30,,21,,,3,,,,,14,,15,16,,,14,,,21,27,,,,,,28,,,,,,,,30,,11,,,,,
1990.03,831,,,,,35,25,,,5,,7,18,31,10,,35,8,12,12,,,,,,,,,14,,15,50,,,,,14,29,11,,6,18,28,,30,,14,15,15,,,,,27,,11,36,3,11,,11,,,12,,,10,,35,,21,,,3,,,,,19,,15,17,,,16,,,21,29,,,,,,33,,,,,,,,32,,12,,,,,
1990.05,837,,,,,35,24,,,6,,7,17,29,11,,36,8,12,12,,,,,,,,,14,,15,49,,,,,14,29,11,,7,18,27,,30,,15,15,15,,,,,28,,12,35,3,11,,10,,,12,,,10,,35,,20,,,5,,,,,19,,15,18,,,17,,,23,29,,,,,,35,,,,,,,,32,,12,,,,,
1990.07,800,,,,,34,24,,,6,,7,15,28,10,,34,8,11,11,,,,,,,,,13,,13,49,,,,,11,29,9,,7,18,27,,28,,14,14,15,,,,,26,,10,35,2,11,,9,,,11,,,10,,34,,19,,,5,,,,,20,,14,17,,,16,,,22,29,,,,,,31,,,,,,,,32,,12,,,,,
1990.09,787,,,,,33,24,,,6,,12,15,29,10,,32,8,11,11,,,,,,,,,13,,13,48,,,,,11,30,9,,7,17,27,,28,,14,14,15,,,,,22,,10,35,2,10,,,,,11,,,10,,34,,21,,,5,,,,,20,,13,17,,,15,,,21,28,,,,,,31,,,,,,,,34,,11,,,,,
1990.11,768,,,,,32,24,,,6,,12,15,29,10,,31,8,11,11,,,,,,,,,10,,13,46,,,,,10,30,10,,7,17,27,,26,,14,14,15,,,,,20,,10,35,2,10,,,,,10,,,10,,35,,21,,,7,,,,,19,,12,17,,,14,,,21,25,,,,,,32,,,,,,,,29,,11,,,,,
1991.01,754,,,,,32,22,,,6,,11,15,30,10,,31,7,10,11,,,,,,,,,8,,12,46,,,,,10,29,10,,7,17,27,,25,,13,14,15,,,,,20,,10,32,2,10,,,,,10,,,10,,35,,21,,,6,,,,,19,,12,19,,,14,,,21,25,,,,,,32,,,,,,,,27,,11,,,,,
1991.03,813,,,,,36,23,,,12,,10,16,31,10,,33,6,10,12,,,,,,,,,8,,14,52,,,,,14,27,16,,10,16,34,,26,,12,14,16,,,,,24,,10,32,4,10,,,,,10,,,9,,38,,22,,,7,,,,,20,,12,20,,,15,,,24,23,,,,,,32,,,,,,,,30,,13,,,,,
1991.05,816,,,,,38,23,,,13,,11,16,28,10,,31,6,11,11,,,,,,,,,8,,13,52,,,,,14,27,17,,13,16,35,,27,,12,15,16,,,,,24,,10,33,4,10,,,,,10,,,7,,37,,22,,,7,,,,,20,,11,20,,,15,,,24,24,,,,,,32,,,,,,,,30,,13,,,,,
1991.07,795,,,,,36,23,,,13,,10,16,27,10,,30,6,12,11,,,,,,,,,8,,14,50,,,,,14,25,15,,13,17,35,,26,,11,15,15,,,,,24,,7,31,4,10,,,,,10,,,7,,37,,22,,,6,,,,,19,,11,19,,,15,,,21,24,,,,,,33,,,,,,,,30,,13,,,,,
1991.09,791,,,,,34,22,,,13,,10,16,27,10,,30,6,12,11,,,,,,,,,7,,14,47,,,,,16,26,15,,17,16,35,,26,,9,15,15,,,,,24,,7,31,4,10,,,,,10,,,7,,37,,21,,,7,,,,,19,,11,19,,,15,,,21,24,,,,,,32,,,,,,,,30,,13,,,,,
1991.11,766,,,,,31,23,,,13,,10,15,27,10,,29,6,12,10,,,,,,,,,8,,13,45,,,,,15,26,16,,18,16,35,,25,,8,15,14,,,,,21,,8,29,4,10,,,,,10,,,8,,39,,21,,,7,,,,,19,,8,19,,,8,,,19,22,,,,,,32,,,,,,,,30,,12,,,,,
1992.01,767,,,,,31,24,,,13,,10,15,27,10,,29,6,12,10,,,,,,,,,8,,13,45,,,,,15,26,16,,19,16,33,,25,,8,14,15,,,,,21,,8,29,4,10,,,,,10,,,8,,40,,24,,,7,,,,,19,,9,17,,,8,,,19,22,,,,,,31,,,,,,,,30,,11,,,,,
1992.03,893,,,,,37,31,,,22,,10,16,30,13,,36,6,12,10,,,,,,,,,9,,15,52,,,,,23,30,21,,25,18,35,,30,,8,14,20,,,,,25,,8,32,4,10,,,,,12,,,8,,40,,25,,,8,,,,,25,,11,22,,,9,,,24,24,,,,,,39,,,,,,,,33,,11,,,,,
1992.05,904,,,,,38,30,,,23,,7,16,31,13,,40,5,11,11,,,,,,,,,9,,15,52,,,4,,23,30,23,,26,18,33,,31,,7,14,20,,,,,25,,7,32,3,10,,,,,12,,,8,,40,,25,,,8,,,,,26,,12,22,,,9,,,24,26,,,,,,39,,,,,,,,35,,11,,,,,
1992.07,867,,,,,39,30,,,20,,7,16,29,13,,35,5,11,11,,,,,,,,,9,,12,49,,,5,,21,30,23,,26,18,32,,28,,6,14,19,,,,,25,,7,30,3,9,,,,,11,,,7,,40,,24,,,7,,,,,24,,12,22,,,8,,,24,24,,,,,,39,,,,,,,,33,,10,,,,,
1992.09,866,,,,,41,31,,,19,,6,16,30,16,,36,5,11,11,,,,,,,,,9,,12,47,,,5,,21,30,23,,26,17,31,,28,,7,14,18,,,,,24,,6,30,3,10,,,,,11,,,7,,40,,22,,,7,,,,,24,,12,22,,,8,,,23,25,,,,,,39,,,,,,,,33,,10,,,,,
1992.11,853,,,,,39,31,,,19,,5,15,33,16,,37,5,11,10,,,,,,,,,9,,12,44,,,5,,20,29,22,,26,17,31,,27,,6,14,15,,,,4,23,,6,28,4,10,,,,,11,,,7,,37,,22,,,7,,,,,23,,11,22,,,8,,,24,25,,,,,,39,,,,,,,,33,,11,,,,,
1993.01,853,,,,,37,34,,,23,,4,16,34,16,,38,6,10,11,,,,,,,,,9,,11,44,,,5,,21,29,23,,26,17,30,,27,,6,15,14,,,,4,22,,6,28,4,9,,,,,10,,,7,,35,,23,,,8,,,,,24,,11,20,,,8,,,22,25,,,,,,37,,,,,,,,33,,11,,,,,
1993.03,958,,,,,38,35,,,25,7,10,19,32,14,,48,7,11,14,,,,,,,,,9,,14,52,,,8,,28,32,26,,26,20,35,,25,,7,18,,,,,8,25,,5,31,4,9,,,,,10,,,7,,36,,21,,,9,,,,,30,,13,20,,,8,,,23,29,,,,,,58,,,,,,,,38,,14,,,,,
1993.05,962,,,,,37,32,,,22,7,10,20,34,14,,52,7,15,15,,,,,,,,,9,,14,52,,,9,,28,31,28,,26,20,35,,25,,7,18,,,,,10,25,,5,30,4,8,,,,,8,,,7,,35,,22,,,9,,,,,30,,12,20,,,9,,,23,29,,,,,,56,,,,,,,,39,,14,,,,,
1993.07,934,,,,,38,27,,,22,7,9,20,31,14,,50,7,16,16,,,,,,,,,9,,13,49,,,9,,28,31,26,,26,20,35,,23,2,7,18,,,,,10,24,,5,31,5,8,,,,,7,,,6,,34,,22,,,9,,,,,29,,9,21,,,5,,,21,29,,,,,,54,,,,,,,,39,,13,,,,,
1993.09,928,,,,,36,25,,,22,8,11,20,30,14,,51,8,16,16,,,,,,,,,9,,13,48,,,9,,28,31,26,,26,20,32,,23,2,7,18,,,,,11,24,,5,31,5,8,,,,,7,,,6,,34,,22,,,9,,,,,29,,9,21,,,5,,,21,29,,,,,,51,,,,,,,,39,,13,,,,,
1993.11,886,,,,,37,25,,4,20,8,11,20,27,14,,44,6,16,16,,,,,,,,,9,,10,45,,,9,,27,28,23,,26,19,30,,22,3,7,18,,,,,11,22,,5,31,5,7,,,,,7,,,5,,30,,21,,,9,,,,,26,,9,21,,,5,,,18,26,,,,,,52,,3,,,,,,37,,12,,,,,
1994.01,902,,,,,38,28,,5,20,8,12,20,28,16,,43,6,16,15,,,,,,,,,9,,10,45,,,9,,28,28,23,,27,20,32,,23,3,7,17,,,,,12,22,,6,31,5,7,,,,,8,,,5,,29,,22,,,9,,,,,26,,9,22,,,5,,,18,26,,,,,,52,,3,,,,,,37,,12,,,,,
1994.03,987,,,,,39,30,,12,23,9,16,21,31,16,,43,6,13,15,,,,,,,,,10,,13,50,,,12,,31,28,25,,30,20,34,,25,2,8,20,,,,,13,25,,6,33,6,7,,,,,10,,,5,,34,,27,,,9,,,,,30,,10,25,,,5,,,24,27,,,,,,55,,4,,,,,,38,,12,,,,,
1994.05,972,,,,,38,30,,12,21,9,16,21,31,16,,44,6,12,15,,,,,,,,,10,,13,48,,,14,,31,28,25,,30,20,33,,24,2,8,20,,,,,13,25,,6,29,6,7,,,,,10,,,5,,34,,26,,,9,,,,,30,,9,25,,,4,,,23,27,,,,,,54,,4,,,,,,37,,12,,,,,
1994.07,945,,,,,39,30,,12,21,9,16,21,30,16,,41,6,11,15,,,,,,,,,10,,12,45,,,14,,30,26,24,,31,19,33,,23,1,8,19,,,,,13,24,5,6,28,6,6,,,,,10,,,5,,33,,21,,,9,,,,,29,,9,22,,,3,,,22,24,,,,,,54,,4,,,,,,37,,13,,,,,
1994.09,941,,,,,38,30,,12,21,9,16,21,29,16,,40,6,11,15,,,,,,,,,10,,12,44,,,14,,30,26,24,,31,19,33,,23,2,8,19,,,,,13,24,5,6,28,6,6,,,,,10,,,5,,33,,21,,,9,,,,,29,,9,22,,,3,,,22,23,,,,,,54,,4,,,,,,37,,13,,,,,
1994.11,910,,,,,36,30,,12,21,11,17,21,29,15,,35,3,12,15,,,,,,,,1,10,,12,43,,,14,,30,25,22,,32,19,30,,20,2,7,18,,,,,12,23,5,6,27,6,5,,,,,10,,,5,,32,,20,,,9,,,,,28,,9,20,,,1,,,22,22,,,,,,52,,4,,,,,,37,,13,,,,,
1995.01,907,,,,,37,31,,14,22,11,16,21,30,15,,35,3,12,15,,,,,,,,1,10,,11,43,,,14,,31,25,23,,32,19,29,,21,2,7,17,,,,,12,22,6,5,26,6,5,,,,3,9,,,5,,29,,20,,,10,,,,,27,,8,20,,,,,,23,22,,,,,,50,,4,,,,,,35,,13,,,,,
1995.03,961,,,,,36,34,,16,22,12,18,22,29,17,,39,3,11,17,,,,,,,,4,12,,12,44,,,16,,31,24,19,,32,20,28,,26,2,7,15,,,,,13,24,7,5,29,6,9,,,,5,10,,,5,,31,,22,,,10,,,,,26,,13,23,,,,,,25,26,,,,,,52,,4,,,,,,34,,14,,,,,
1995.05,949,,,,,36,32,,16,22,14,18,23,25,17,,40,3,11,16,,,,,,,,5,12,,11,43,,,16,,31,24,19,,33,21,27,,26,2,7,15,,,,,14,24,7,5,29,6,9,,,,5,10,,,5,,29,,21,,,10,,,,,25,,13,21,,,,,,25,26,,,,,,49,,2,,,,,,35,,14,,,,,
1995.07,920,,,,,37,31,,16,21,15,17,21,25,17,,37,3,11,14,,,,,,,,6,12,,11,42,,,16,,30,22,19,,33,20,24,,25,2,7,14,,,,,14,20,7,5,27,6,8,,,,5,10,,,5,,28,,21,,,10,,,,,24,,13,20,,,,,,25,25,,,,,,48,,2,,,,,,35,,14,,,,,
1995.09,918,,,,,37,31,,16,21,14,16,21,26,17,,36,3,12,15,,,,,,,,6,12,,11,43,,,16,,29,22,19,,33,19,23,,25,2,9,14,,,,,13,20,8,5,28,6,8,,,,5,9,,,5,,27,,21,,,10,,,,,24,,13,20,,,,,,25,25,,,,,,47,,2,,,,,,35,,14,,,,,
1995.11,893,,,,,36,30,,17,21,14,16,20,26,17,,35,3,12,14,,,,,,,,6,12,,10,40,,,16,,29,21,18,,33,19,21,,23,2,9,13,,,,,10,20,8,5,28,6,8,,,,5,8,,,5,,26,,21,,,10,,,,,21,,13,20,,,,,,24,25,,,,,,45,,2,,,,,,36,,14,,,,,
1996.01,883,,,,,35,30,,18,20,15,18,20,27,17,,36,3,11,14,,,,,,,,6,12,,9,38,,,16,,28,21,18,,32,19,20,,23,2,9,13,,,,,9,19,8,5,27,6,7,,,,5,8,,,5,,27,,22,,,10,,,,,21,,13,20,,,,,,24,25,,,,,,42,,2,,,,,,34,,14,,,,,
1996.03,963,,,,,38,34,,22,21,18,19,22,30,18,,34,3,14,13,,,,,,,,7,13,,12,46,,,19,,30,22,22,,34,20,23,,26,3,8,13,,,,,9,19,12,5,28,6,9,,,,7,9,,,4,,30,,21,,,10,,,,,26,,15,21,,,,,,26,26,,,,,,45,,2,,,,,,34,,15,,,,,
1996.05,955,,,,,38,33,,22,20,18,19,22,29,18,,36,3,14,12,,,,,,,,7,13,,11,47,,,19,,27,23,22,,34,20,23,,26,3,8,14,,,,,9,18,12,5,27,6,9,,,,7,9,,,4,,30,,20,,,10,,,,,26,,14,21,,,,,,26,26,,,,,,45,,3,,,,,,32,,15,,,,,
1996.07,927,,,,,38,32,,20,21,18,18,22,26,18,,34,3,13,11,,,,,,,,9,13,,10,44,,,18,,27,21,23,,34,22,23,,24,3,8,13,,,,,8,19,12,5,27,5,8,,,,7,9,,,,,30,,20,,,9,,,,,26,,14,20,,,,,,25,25,,,,,,44,,3,,,,,,30,,15,,,,,
1996.09,905,,,,,38,30,,19,20,16,18,23,27,18,,33,3,12,11,,,,,,,,9,13,,10,40,,,18,,27,19,22,,33,22,23,,24,3,8,13,,,,,6,19,11,5,25,5,8,,,,7,8,,,,,30,,20,,,9,,,,,26,,14,20,,,,,,25,25,,,,,,42,,3,,,,,,30,,15,,,,,
1996.11,879,,,,,34,30,,19,21,15,18,23,27,18,,33,2,12,11,,,,,,,,9,11,,9,38,,,18,,27,19,21,,33,22,23,,22,3,7,13,,,,,6,18,11,4,24,5,7,,,,7,8,,,,,30,,20,,,9,,,,,26,,14,19,,,,,,21,23,,,,,,43,,3,,,,,,28,,15,,,,,
1997.01,875,,,,,36,30,,20,22,14,20,22,27,18,,33,2,12,10,,,,,,,,10,11,,9,35,,,18,,26,19,21,,34,21,23,,21,3,7,11,,,,,6,19,12,4,23,5,7,,,,7,8,,,,,30,,20,,,9,,,,,26,,14,19,,,,,,20,23,,,,,,42,,3,,,,,,28,,15,,,,,
1997.03,946,,,,,36,33,,22,21,14,27,23,33,20,,35,2,13,10,,,,,,,,13,11,,11,44,,,18,,27,20,24,,35,21,24,,23,3,7,11,,,,,7,21,13,4,25,5,8,,,,9,8,,,,,31,,21,,,9,,,,,29,,14,19,,,,,,21,25,,,,,,46,,5,,,,,,29,,16,,,,,
1997.05,938,,,,,38,33,,22,18,14,27,23,33,21,,34,2,11,10,,,,,,,,13,11,,11,43,,,18,,26,19,24,,35,21,24,,23,3,7,12,,,,,8,21,12,5,25,5,8,,,,10,7,,,,,31,,20,,,9,,,,,28,,15,20,,,,,,20,25,,,,,,44,,4,,,,,,29,,16,,,,,
1997.07,914,,,,,37,32,,21,17,14,28,23,33,20,,33,3,11,10,,,,,,,,14,11,,9,42,,,18,,25,19,22,,35,19,24,,23,4,7,11,,,,,8,21,12,5,24,5,8,,,,10,7,,,,,30,,20,,,8,,,,,24,,15,19,,,,,,20,24,,,,,,44,,3,,,,,,26,,16,,,,,
1997.09,898,,,,,38,31,,20,16,14,26,23,32,20,,33,3,10,10,,,,,,,,14,11,,8,40,,,17,,26,18,22,,35,19,24,,24,4,7,11,,,,,8,21,11,5,23,4,7,,,1,11,7,,,,,29,,20,,,8,,,,,23,,15,18,,,,,,20,24,,,,,,43,,3,,,,,,25,,16,,,,,
1997.11,867,,,,,34,31,,19,16,13,26,23,31,20,,29,3,10,10,,,,,,,,15,12,,6,38,,,15,,25,18,21,,33,19,24,,24,4,7,11,,,,,8,17,11,5,23,4,6,,,2,10,7,,,,,28,,20,,,8,,,,,23,,15,18,,,,,,19,24,,,,,,42,,3,,,,,,22,,15,,,,,
1998.01,856,,,,,33,32,,19,16,14,27,23,30,18,,29,3,10,10,,,,,,,,14,12,,6,35,,,15,,24,16,21,,31,19,24,,24,4,7,11,,,,,8,20,11,5,23,4,6,,,2,10,6,,,,,27,,20,,,8,,,,,23,,15,17,,,,,,19,25,,,,,,40,,4,,,,,,21,,15,,,,,
1998.03,880,,,,,34,33,,19,16,15,29,23,32,21,,26,8,11,10,,,,,,,,18,15,,7,37,,,18,,24,15,16,,30,19,25,,24,4,9,10,,,,,9,21,11,5,21,4,7,,,4,10,6,,,,,25,,20,,,9,,,,,22,,15,18,,,,,,15,28,,,,,,43,,4,,,,,,21,,14,,,,,
1998.05,867,,,,,35,33,,18,16,15,27,22,32,21,,25,10,11,10,,,,,,,,19,15,,7,36,,,17,,25,12,15,,30,19,24,,23,4,9,10,,,,,9,21,11,5,22,4,5,,,4,8,6,,,,,25,,20,,,9,,,,,22,,15,17,,,,,,15,27,,,,,,43,,4,,,,,,21,,14,,,,,
1998.07,841,,,,,32,32,,17,16,15,25,22,32,21,,24,11,10,9,,,,,,,,19,14,,6,33,2,,16,,24,12,15,,30,18,24,,21,4,9,10,,,,,9,19,10,5,21,4,4,,,4,7,6,,,,,25,,19,,,9,,,,,22,,15,16,,,,,,15,27,,,,,,43,,4,,,,,,20,,14,,,,,
1998.09,833,,,,,30,31,,18,16,14,26,22,32,21,,24,12,9,9,,,,,,,,19,14,,6,31,2,,16,,24,12,14,,30,19,23,,21,4,9,10,,,,,9,19,10,5,20,4,4,,,5,7,6,,,,,25,,20,,,9,,,,,20,,15,16,,,,,,15,27,,,,,,41,,3,,,,,,21,,14,,,,,
1998.11,816,,,,,29,31,,18,16,15,24,23,31,20,,23,13,9,8,,,,,,2,,19,11,,7,30,2,,16,,24,13,13,,29,19,23,,21,5,9,10,,,,,9,19,10,3,20,4,4,,,6,7,6,,,,,23,,19,,,9,,,,,19,,13,14,,,,,,15,26,,,,,,39,,3,,,,,,21,,14,,,,,
1999.01,809,,,,,28,32,,18,15,15,24,23,31,19,,23,13,7,8,,,,,,2,,19,12,,8,26,4,,16,,22,13,14,,29,18,23,,21,6,9,11,,,,,9,19,9,3,20,4,4,,,5,7,6,,,,,22,,19,,,10,,,,,19,,12,14,,,,,,15,26,,,,,,39,,3,,,,,,21,,14,,,,,
1999.03,872,,,,,28,30,,21,15,16,26,25,30,19,,31,23,7,9,,,,,,6,,20,14,,10,30,4,,18,,22,14,15,,28,16,25,,22,6,9,14,,,,,10,19,8,5,20,4,6,,,4,5,6,,,,,28,,19,,,10,,,,,18,,14,14,,,,,,15,30,,,,,,38,,6,,2,,,,25,,13,,,,,
1999.05,871,,,,,29,29,,20,14,16,26,25,30,19,,33,23,7,9,,,,,,5,,20,15,,10,29,4,,18,,22,14,15,,28,15,26,,22,6,9,14,,,,,11,19,8,5,20,3,6,,,4,5,5,,,,,28,,19,,,11,,,,,18,,14,14,,,,,,15,30,,,,,,37,,7,,2,,,,25,,13,,,,,
1999.07,841,,,,,27,30,,19,14,16,25,25,28,18,,29,21,7,9,,,,,,6,,20,14,,10,28,4,3,18,,22,14,15,,27,15,24,,21,5,8,14,,,,,11,16,6,5,19,3,6,,,4,5,5,,,,,27,,19,,,10,,,,,18,,12,14,,,,,,15,30,,,,,,35,,7,,2,,,,24,,12,,,,,
1999.09,833,,,,,27,30,,19,14,16,23,25,27,18,,28,21,7,10,,,,,,6,,19,14,,10,27,4,3,18,,23,13,14,,27,14,22,,21,5,9,13,,,,,11,16,8,5,19,3,6,,,5,5,5,,,,,28,,19,,,10,,,,,18,,12,14,,,,,,15,30,,,,,,34,,7,,2,,,,24,,10,,,,,
1999.11,810,,,,,27,30,,19,14,16,22,25,27,18,,27,21,6,9,,,,,,6,,18,13,,7,26,3,3,18,,23,12,14,,27,14,21,,19,4,9,12,,,,,11,16,8,5,18,3,5,,,5,5,5,,,,,27,,19,,,9,,,,,18,,12,14,,,,,,14,30,,,,,,33,,7,,2,,,,24,,10,,,,,
2000.01,795,,,,,27,30,,19,14,15,21,25,26,18,,28,21,6,8,,,,,,6,,18,13,,7,25,3,3,17,,22,11,16,,27,13,20,,19,4,9,11,,,,,11,15,8,5,17,3,5,,,5,5,4,,,,,27,,17,,,8,,,,,17,,12,14,,,,,,13,30,,,,,,32,,8,,2,,,,24,,11,,,,,
2000.03,824,,,,,27,32,,19,15,15,19,23,26,17,,27,22,9,12,,,,,,6,,18,14,,7,24,5,4,15,,26,11,17,,28,15,20,,19,6,10,12,,,,,12,15,10,3,18,4,4,,,8,8,,,,,,30,,17,,,8,,,,,18,,13,15,,,,,,14,30,,,,,2,29,,8,,2,,,,25,,11,,,,,
2000.05,816,,,,,26,32,,19,16,15,19,22,26,17,,28,23,8,12,,,,,,6,,18,14,,6,24,5,5,15,,27,11,14,,26,15,20,,19,6,10,12,,,,,12,14,9,3,18,4,4,,,8,8,,,,,,31,,16,,,7,,,,,17,,13,15,,,,,,14,30,,,,,2,28,,8,,2,,,,26,,11,,,,,
2000.07,783,,,,,24,31,,18,16,15,17,20,26,17,,25,21,7,12,,,,,,6,,19,14,,5,24,6,3,14,,26,11,14,,24,13,19,,17,5,11,11,,,,,11,14,9,2,17,4,4,,,8,8,,,,,,29,,15,,,7,,,,,17,,13,16,,,,,,14,29,,,,,2,28,,7,,2,,,,25,,11,,,,,
2000.09,767,,,,,22,31,,18,16,15,17,20,27,17,,19,21,7,12,,,,,,6,,19,14,,5,24,6,2,13,,26,11,14,,23,13,19,,17,5,11,11,,,,,11,14,9,2,17,4,4,,,8,8,,,,,,27,,15,,,7,,,,,17,,13,15,,,,,,14,28,,,,,2,28,,7,,2,,,,23,,11,,,,,
2000.11,740,,,,,20,31,,18,16,14,17,19,27,17,,18,23,6,12,,,,,,6,,18,13,,6,23,6,3,13,,26,11,14,,23,12,19,,16,5,11,11,,,,,12,13,8,2,16,4,4,,,8,8,,,,,,26,,15,,,7,,,,,17,,12,15,,,,,,14,26,,,,,2,28,,6,,2,,,,21,,,,,,,
2001.01,739,,,,,19,31,,18,17,14,19,18,27,17,,18,23,6,12,,,,,,7,,18,12,,6,21,6,2,13,,27,11,14,,23,12,18,,16,5,11,11,,,,,12,13,8,2,16,4,4,,,7,9,,,,,,27,,15,,,7,,,,,17,,12,15,,,,,,14,26,,,,,3,27,,6,,2,,,,21,,,,,,,
2001.03,780,,,,,21,35,,20,17,14,21,19,29,18,,17,24,8,12,,,,,,8,,19,13,,7,24,6,3,15,,28,12,18,,23,14,18,,17,5,10,12,,,,,13,14,10,1,15,3,4,,,7,9,,,,,,29,,16,,,7,,,,,19,,12,13,,,,,,16,26,,,,,4,27,,8,,2,,,,18,,,,,,,
2001.05,774,,,,,22,30,,18,17,14,21,18,29,19,,17,23,9,11,,,,,,10,,19,14,,7,23,6,3,15,,29,12,17,,23,14,17,,17,5,9,12,,,,,13,14,11,2,14,3,4,,,7,9,,,,,,29,,16,,,7,,,,,20,,12,13,,,,,,15,26,,,,,4,27,,8,,2,,,,18,,,,,,,
2001.07,750,,,,,21,29,,18,17,14,21,18,27,18,,16,22,9,11,,,,,,11,,18,13,,6,23,5,4,14,,27,11,16,,23,13,17,,14,4,9,12,,,,,13,14,11,2,14,3,3,,,7,8,,,,,,27,,16,,,7,,,,,20,,12,13,,,,,,15,26,,,,,4,26,,8,,2,,,,18,,,,,,,
2001.09,741,,,,,20,30,,18,16,14,21,17,27,18,,16,21,9,11,,,,,,9,,17,13,,5,23,6,4,13,,27,11,15,,22,14,16,,14,4,9,12,,,,,12,14,11,2,14,3,4,,,9,7,,,,,,27,,16,,,7,,,,,19,,12,13,,,,,,15,26,,,,,4,26,,8,,2,,,,18,,,,,,,
2001.11,727,,,,,20,30,,16,15,14,19,17,27,18,,15,21,8,11,,,,,,9,,17,13,,5,21,7,4,12,,27,11,15,,24,13,16,,14,4,9,12,,,,,12,15,10,2,15,3,4,,,9,7,,,,,,26,,16,,,7,,,,,17,,12,11,,,,,,15,25,,,,,4,25,,8,,2,,,,18,,,,,,,
2002.01,727,,,,,20,30,,16,14,14,19,17,27,18,,15,21,8,12,,,,,,9,,17,13,,4,22,6,4,12,,27,11,14,,24,13,17,,15,4,9,11,,,,,12,15,10,2,15,3,4,,,9,7,,,,,,26,,15,,,7,,,,,17,,12,11,,,,,,15,25,,,,,6,25,,8,,2,,,,18,,,,,,,
2002.03,753,,,,,20,32,,18,14,14,22,19,25,18,,17,21,10,12,,,,,,10,,17,14,,4,25,8,4,12,,26,11,33,,25,12,17,,19,4,11,10,,,,,13,13,10,2,16,3,4,,,11,7,,,,,,25,,17,,,7,,,,,16,,14,12,,,,,,15,23,,,,,7,24,,8,,2,,,,,,,,,,,
2002.05,761,,,,,20,31,,18,14,14,22,18,26,19,,15,21,10,12,,,,,,12,,18,14,,5,26,8,4,12,,27,11,35,,25,12,18,,19,4,11,10,,,,,13,13,11,3,15,3,4,,,11,7,,,,,,25,,17,,,7,,,,,15,,15,13,,,,,,14,22,,,,,7,24,,9,,2,,,,,,,,,,,
2002.07,735,,1,,,20,31,,19,14,15,22,17,24,19,,14,18,10,11,,,,,,12,,18,13,,5,24,8,4,12,,27,11,33,,25,11,17,,18,4,11,10,,,,,13,12,11,3,15,,3,,,10,7,,,,,,24,,17,,,6,,,,,14,,15,13,,,,,,12,21,,,,,7,24,,9,,1,,,,,,,,,,,
2002.09,729,,1,,,21,31,,19,14,15,22,17,24,19,,14,16,10,11,,,,,,12,,17,13,,5,24,8,4,12,,25,11,35,,25,10,17,,17,4,11,10,,,,,13,12,11,3,14,,4,,,10,7,,,,,,23,,16,,,6,,,,,16,,15,12,,,,,,12,21,,,,,6,24,,9,,1,,,,,,,,,,,
2002.11,708,,1,,,21,30,,19,14,15,19,16,23,19,,14,16,9,11,,,,,,12,,17,13,,5,23,8,4,12,,24,11,31,,23,10,17,,17,5,11,11,,,,,11,12,11,3,13,,4,,,10,7,,,,,,22,,16,,,6,,,,,16,,14,13,,,,,,12,19,,,,,6,22,,9,,1,,,,,,,,,,,
2003.01,702,,1,,,21,30,,19,14,15,18,16,22,19,,13,16,8,11,,,,5,,12,,17,12,,5,23,8,4,13,,23,11,28,,25,10,17,,17,5,11,11,,,,,11,11,10,4,12,,4,,,10,7,,,,,,21,,16,,,6,,,,,16,,11,13,,,,,,12,18,,,,,6,21,,9,,1,,,,,,,,,,,
2003.03,742,,3,,,24,31,,22,15,16,18,15,23,19,,14,17,7,12,,,,5,,12,,16,12,,6,21,12,5,13,,25,11,27,,29,10,18,,20,5,12,12,,,,,12,15,12,4,12,,5,,,11,8,,,,,,20,,20,,,6,,,,,16,,12,15,,,,,,12,18,,,,,7,22,,7,,1,,,,,,,,,,,
2003.05,746,,3,,,23,31,,22,15,16,18,15,23,19,,14,17,7,12,,,,5,,13,,16,11,,7,22,12,6,13,,24,15,26,,29,10,18,,21,5,12,12,,,,,12,17,12,4,12,,4,,,12,8,,,,,,18,,20,,,6,,,,,16,,11,15,,,,,,12,18,,,,,7,22,,7,,1,,,,,,,,,,,
2003.07,728,,3,,,22,31,,23,15,16,16,15,21,18,,14,17,7,12,,,,5,,13,,17,11,,7,22,12,6,13,,23,15,26,,28,10,18,,21,5,12,12,,,,,10,16,12,3,11,,5,,,12,9,,,,,,16,,20,,,6,,,,,14,,10,15,,,,,,12,16,,,,,7,20,,7,,1,,,,,,,,,,,
2003.09,722,,3,,,22,31,,23,14,16,16,15,21,18,,14,17,7,12,,,,5,,13,,16,11,,6,22,12,6,13,,23,15,26,,28,10,18,,19,5,12,12,,,,,10,16,12,3,11,,4,,,12,9,,,,,,16,,21,,,6,,,,,14,,10,15,,,,,,12,15,,,,,7,20,,7,,1,,,,,,,,,,,
2003.11,714,,3,,,22,31,,22,13,16,16,15,22,18,,15,17,7,13,,,,6,,13,,16,11,,6,22,12,6,13,,23,16,26,,26,10,18,,18,5,12,13,,,,,10,16,11,2,11,,4,,,12,9,,,,,,14,,21,,,7,,,,,14,,9,14,,,,,,11,13,,,,,6,19,,8,,1,,,,,,,,,,,
2004.01,731,,3,,,24,32,,23,13,16,18,15,22,17,8,16,17,7,13,,,,6,,13,,17,11,,6,22,12,8,13,,23,17,27,,26,10,18,,18,5,12,13,,,,,10,16,11,2,14,,4,,,13,9,,,,,,13,,14,,,7,,,,,14,,9,16,,,,,,11,13,,,,,6,19,,8,,1,,,,,,,,,,,
2004.03,781,,6,,,26,33,,26,14,19,19,15,26,19,12,18,16,9,13,,,,7,,13,,18,10,,8,22,13,8,13,3,24,20,24,,29,8,20,,18,5,13,16,,,,,11,17,11,2,12,,5,,,14,9,,,,,,16,,14,,,8,,,,,15,,10,16,,,,,,11,12,,,,,6,21,,7,,1,,,,,,,,,,,
2004.05,780,,5,,,26,35,,25,14,20,20,14,25,19,13,18,17,8,12,,,,8,,13,,18,10,,8,22,13,8,13,4,24,20,24,,28,8,18,,19,5,13,16,,,,,11,17,11,2,12,,5,,,14,9,,,,,,16,,15,,,8,,,,,15,,10,16,,,,,,12,12,,,,,6,19,,7,,,,,,,,,,,,,
2004.07,757,,5,,,26,35,,24,14,20,19,13,25,19,12,17,16,7,11,,,,7,,13,,18,9,,8,22,13,8,13,6,24,20,24,,25,8,17,,19,3,12,16,,,,,11,17,11,2,11,,5,,,14,9,,,,,,14,,14,,,7,,,,,15,,10,16,,,,,,12,11,,,,,5,18,,7,,,,,,,,,,,,,
2004.09,749,,5,,,25,35,,24,14,20,19,12,24,19,11,17,16,7,11,,,,8,,13,,18,9,,8,23,12,9,12,6,24,20,24,,23,7,17,,20,3,13,16,,,,,11,17,11,2,11,,5,,,13,9,,,,,,14,,14,,,7,,,,,15,,9,15,,,,,,12,10,,,,,5,18,,7,,,,,,,,,,,,,
2004.11,736,,5,,,24,33,,24,14,19,19,12,18,18,11,19,16,7,11,,,,9,,13,,19,9,,8,22,12,9,12,6,24,19,24,,23,7,17,4,19,4,12,16,,,,,11,17,11,2,11,,5,,,13,9,,,,,,12,,14,,,7,,,,,15,,8,15,,,,,,12,9,,,,,4,16,,7,,,,,,,,,,,,,
2005.01,735,,3,,,25,32,,26,15,19,19,10,19,18,11,17,16,7,11,,,,8,,13,,19,9,,8,22,14,9,12,7,24,19,24,,23,7,17,5,19,4,12,16,,,,,12,17,11,2,11,,4,,,14,8,,,,,,13,,14,,,6,,,,,15,,8,14,,,,,,13,8,,,,,4,15,,7,,,,,,,,,,,,,
2005.03,783,,5,,,26,30,,28,18,19,23,12,18,18,12,18,16,8,11,,,,11,,13,,21,8,,11,23,15,9,12,10,27,19,25,,22,7,15,6,22,4,13,18,,,,,13,18,11,2,10,,4,,,16,8,,,,,,16,,14,,,6,,,,,19,,10,15,,,,,,14,8,,,,,5,15,,6,,,,,,,,,,,,,
2005.05,774,,6,,,25,31,,28,18,19,23,12,18,17,12,18,16,8,11,,,,11,,13,,21,8,,11,25,15,8,12,11,27,17,25,,20,7,16,6,21,3,13,18,,,,,12,18,11,3,10,,4,,,15,7,,,,,,16,,14,,,7,,,,,19,,10,20,,,,,,14,,,,,,5,14,,5,,,,,,,,,,,,,
2005.07,762,,6,,,24,30,,28,18,19,23,12,19,17,11,17,17,8,11,,,,11,,13,,21,7,,11,24,15,8,12,12,25,17,24,,20,7,16,6,19,3,13,18,,,,,12,18,11,3,9,,4,,,15,7,,,,,,16,,14,,,7,,,,,19,,10,19,,,,,,13,,,,,,5,13,,5,,,,,,,,,,,,,
2005.09,756,,7,,,22,30,,28,18,19,23,12,19,15,11,17,16,8,10,,,,11,,16,,22,7,,11,24,15,7,12,12,24,17,24,,21,7,16,6,19,3,12,18,,,,,12,17,11,3,9,,4,,,15,7,,,,,,16,,14,,,7,,,,,19,,9,19,,,,,,13,,,,,,5,12,,5,,,,,,,,,,,,,
2005.11,738,,8,,,22,28,,28,17,19,20,11,18,15,12,17,16,8,10,,,,10,,14,,22,7,,11,21,15,5,12,12,23,17,23,,20,7,16,7,19,3,12,17,,,,,12,16,12,3,9,,4,,,15,7,,,,,,16,,14,,,7,,,,,19,,8,19,,,,,,13,,,,,,5,12,,5,,,,,,,,,,,,,
2006.01,735,,8,,,22,29,,28,18,17,20,11,18,15,12,17,16,8,10,,,,10,,14,,21,7,,12,19,15,5,12,13,23,17,23,,19,7,16,8,19,3,12,17,,,,,12,16,11,3,9,,4,,,15,7,,,,,,15,,14,,,7,,,,,19,,8,19,,,,,,13,,,,,,5,12,,5,,,,,,,,,,,,,
2006.03,769,,9,,,22,31,,28,19,18,21,13,22,15,12,18,18,8,9,,,,11,,15,,21,7,,12,21,16,7,11,17,26,19,21,,20,7,16,8,19,3,11,17,,,,,13,17,11,3,10,,4,,,15,7,,,,,,14,,16,,,7,,,,,20,,7,20,,,,,,12,,,,,,8,12,,5,,,,,,,,,,,,,
2006.05,767,,9,,,22,30,,28,18,18,21,13,22,15,13,18,18,7,10,,,,11,,16,,21,7,,12,21,16,7,11,18,26,19,21,,21,7,16,8,19,3,11,17,,,,,13,17,11,3,10,,4,,,15,7,,,,,,14,,15,,,7,,,,,18,,7,20,,,,,,12,,,,,,7,12,,5,,,,,,,,,,,,,
2006.07,747,,8,,,21,30,,28,16,17,20,13,21,15,13,17,18,7,10,,,,11,,15,,20,7,,12,21,16,7,11,17,25,19,19,,20,7,15,9,30,3,11,17,,,,,11,16,,3,10,,4,,,15,7,,,,,,14,,15,,,7,,,,,18,,7,19,,,,,,12,,,,,,7,11,,5,,,,,,,,,,,,,
2006.09,737,,8,,,21,28,,28,15,16,20,13,21,15,13,18,18,7,10,,,,11,,15,6,20,8,,12,21,16,7,11,16,25,19,20,,20,7,15,9,29,3,11,17,,,,,11,15,,2,10,,4,,,15,7,,,,,,12,,9,,,7,,,,,16,,6,19,,,,,,12,,,,,,7,11,,5,,,,,,,,,,,,,
2006.11,726,,8,,,21,27,,27,15,15,20,13,21,16,14,18,18,7,9,,,,11,,15,6,20,7,,11,19,17,7,11,16,25,20,20,,20,7,15,10,27,3,11,17,,,,,11,15,,2,10,,4,,,15,7,,,,,,11,,9,,,7,,,,,17,,4,19,,,,,,12,,,,,,7,8,,4,,,,,,,,,,,,,
2007.01,724,,8,,,21,27,,27,14,15,20,13,22,15,15,18,18,7,8,,,,11,,16,8,20,7,,11,18,17,6,11,16,25,21,20,,20,7,14,10,27,3,11,17,,,,,11,15,,2,10,,4,,,15,7,,,,,,10,,10,,,7,,,,,17,,4,19,,,,,,11,,,,,,7,7,,4,,,,,,,,,,,,,
2007.03,778,,9,,,22,26,,25,14,15,19,14,24,15,17,19,20,8,11,,,,11,,17,8,23,11,,11,22,19,6,11,19,26,26,17,,22,7,15,11,28,3,11,19,,,,,12,16,,,10,,4,,,19,9,,,,,,12,,10,,,7,,,,,20,,6,20,,,,,,12,,,,,,8,7,,5,,,,,,,,,,,,,
2007.05,771,,7,,,21,26,,25,14,15,20,14,24,17,17,20,20,8,11,,,,11,,17,8,23,11,,9,21,17,5,11,20,26,25,17,,22,7,16,11,28,3,11,18,,,,,12,16,,,10,,3,,,19,8,,,,,,12,,10,,,7,,,,,19,,6,20,,,,,,13,,,,,,8,7,,5,,,,,,,,,,,,,
2007.07,750,,7,,,21,26,,24,14,15,20,14,24,17,17,20,20,8,11,,,,10,,17,8,22,11,,9,20,17,5,10,18,24,23,16,,21,7,16,11,27,3,11,18,,,,,11,15,,,9,,3,,,19,8,,,,,,12,,10,,,7,,,,,18,,6,18,,,,,,12,,,,,,8,7,,5,,,,,,,,,,,,,
2007.09,744,,7,,,21,25,,24,14,14,20,14,24,16,17,20,21,8,12,,,,10,,17,8,22,11,,9,20,17,5,11,18,23,23,16,,22,7,15,11,26,3,11,17,,,,,11,14,,,9,,3,,,19,8,,,,,,12,,10,,,7,,,,,16,,6,18,,,,,,12,,,,,,8,7,,5,,,,,,,,,,,,,
2007.11,728,,7,,,21,25,,24,14,13,19,14,24,16,18,19,19,8,12,,,,10,,17,8,22,11,,9,20,16,5,11,19,22,23,15,,21,7,14,11,26,3,11,16,,,,,11,14,,,9,,3,,,19,8,,,,,,12,,10,,,7,,,,,14,,5,16,,,,,,10,,,,,,8,7,,5,,,,,,,,,,,,,
2008.01,718,,7,,,20,25,,24,14,13,20,14,24,16,20,19,18,8,8,,,,10,,17,8,23,11,,9,20,15,6,11,19,21,23,14,,21,7,14,11,26,3,11,15,,,,,10,14,,,9,,3,,,19,8,,,,,,10,,10,,,7,,,,,12,,5,16,,,,,,11,,,,,,7,7,,5,,,,,,,,,,,,,
2008.03,768,,9,,,20,25,,31,15,12,21,14,23,15,23,18,21,7,7,,,,10,,17,9,24,11,,9,23,21,6,11,24,26,27,14,,25,10,13,11,27,3,11,15,,,,,10,13,,,10,,3,,,22,8,,,,,,9,,10,,,7,,,,,16,,5,16,,,,,,11,,,,,,8,8,,4,,,,,,,,,,,,,
2008.05,762,,9,,,20,25,,30,15,12,21,14,22,14,23,20,21,7,7,,,,10,,17,9,24,11,,9,22,21,8,11,24,24,27,15,,25,10,13,11,27,3,11,15,,,,,10,11,,,9,,3,,,22,8,,,,,,8,,10,,,7,,,,,15,,5,16,,,,,,11,,,,,,8,8,,4,,,,,,,,,,,,,
2008.07,742,,9,,,19,23,,28,14,13,21,13,21,14,23,20,21,7,7,,,,10,,17,9,24,11,,9,23,21,8,11,23,24,26,14,,24,9,13,11,25,3,10,15,,,,,10,10,,,9,,2,,,20,8,,,,,,8,,10,,,7,,,,,13,,5,16,,,,,,11,,,,,,8,9,,3,,,,,,,,,,,,,
2008.09,733,,9,,,19,23,,27,14,13,20,13,21,14,23,20,19,7,7,,,,10,,17,9,22,11,,9,23,22,8,11,22,22,26,14,,24,9,13,12,25,3,10,15,,,,,10,11,,,9,,2,,,19,8,,,,,,7,,9,,,7,,,,,13,,5,16,,,,,,11,,,,,,8,9,,3,,,,,,,,,,,,,
2008.11,712,,10,,,18,21,,27,14,13,19,13,21,12,23,20,18,7,7,,,,10,,16,9,22,11,,7,23,21,8,11,23,20,26,14,,23,8,12,12,24,,10,13,,,,,11,11,,,9,,2,,,19,8,,,,,,7,,9,,,7,,,,,11,,5,16,,,,,,11,,,,,,8,9,,3,,,,,,,,,,,,,
2009.01,713,,9,,,18,20,,27,13,13,20,13,21,11,24,22,18,7,7,,,,10,,16,9,23,11,,7,23,22,8,12,23,17,26,15,,23,8,12,12,24,,10,13,,,,,11,11,,,8,,2,,,19,8,,,,,,7,,9,,,7,,,,,10,,5,18,,,,,,11,,,,,,7,10,,3,,,,,,,,,,,,,
2009.03,734,,9,,,19,21,,28,14,16,18,12,22,13,25,21,18,7,8,,,,11,,15,10,23,11,,7,27,22,10,12,24,18,27,14,,24,10,10,15,25,,10,13,,,,,11,11,,,8,,2,,,20,8,,,,,,6,,9,,,6,,,,,10,,5,17,,,,,,10,,,,,,9,11,,2,,,,,,,,,,,,,
2009.05,732,,9,,,19,21,,26,15,15,18,12,22,12,25,22,17,7,8,,,,11,,15,10,24,13,,7,26,22,10,11,24,18,26,14,,25,10,11,15,24,,10,13,,,,,11,10,,,8,,2,,,20,7,,,,,,6,,9,,,6,,,,,10,,5,16,,,,,,10,,,,,,11,12,,2,,,,,,,,,,,,,
2009.07,717,,10,,,19,19,,26,13,14,18,12,22,12,25,22,17,7,8,,,,11,,15,10,23,13,,7,26,22,9,11,23,18,26,14,,23,10,12,15,24,,10,11,,,,,10,10,,,8,,2,,,20,7,,,,,,5,,9,,,6,,,,,10,,5,15,,,,,,10,,,,,,9,12,,2,,,,,,,,,,,,,
2009.09,715,,12,,,21,18,,26,13,14,18,12,22,12,25,21,17,6,8,,,,11,,15,9,23,12,,7,26,22,9,10,23,17,25,14,,24,10,12,15,24,,10,11,,,,,10,10,,,8,,2,,,20,7,,,,,,5,,9,,,6,,,,,10,,5,16,,,,,,10,,,,,,9,12,,2,,,,,,,,,,,,,
2009.11,702,,12,,,20,18,,25,13,14,19,12,22,12,24,21,17,7,8,,,,11,,15,8,22,12,,7,26,22,8,10,22,16,25,14,,24,10,12,15,23,,10,11,,,,,11,10,,,8,,2,,,20,6,,,,,,5,,9,,,6,,,,,9,,5,15,,,,,,9,,,,,,9,10,,1,,,,,,,,,,,,,
2010.01,703,,12,,,19,18,,25,12,14,20,12,22,12,26,21,17,7,8,,,,10,,15,8,22,12,,6,26,21,8,9,22,16,25,14,,24,13,12,16,23,,10,11,,,,,11,10,,,7,,2,,,21,6,,,,,,5,,9,,,6,,,,,9,,5,14,,,,,,9,,,,,,9,11,,1,,,,,,,,,,,,,
2010.03,728,,12,,,19,17,,26,13,14,19,13,24,11,27,21,16,7,8,,,,10,,17,11,22,12,,6,31,22,8,10,22,20,27,13,,25,13,13,18,21,,9,10,,,,,13,9,,,7,,2,,,21,6,,,,,,6,,9,,,6,,,,,12,,5,14,,,,,,9,,,,,,10,11,,1,,,,,,,,,,,,,
2010.05,733,,12,,,19,17,,26,13,14,19,13,24,11,27,23,15,7,9,,,,9,,16,11,21,11,,7,32,22,9,11,22,21,28,13,,25,12,13,18,20,,8,10,,,,,14,9,,,7,,2,,,22,6,,,,,,6,,10,,,6,,,,,12,,5,14,,,,,,9,,,,,,10,11,,2,,,,,,,,,,,,,
2010.07,722,,12,,,19,16,,25,12,14,19,13,24,12,,22,15,6,9,,,,9,,16,11,21,11,,7,32,22,8,11,22,21,28,12,,24,12,13,18,47,,8,9,,,,,13,8,,,7,,2,,,22,6,,,,,,6,,10,,,6,,,,,11,,5,14,,,,,,9,,,,,,10,11,,2,,,,,,,,,,,,,
2010.09,712,,12,,,19,16,,24,12,14,20,13,24,12,,22,15,6,9,,,,9,,15,11,21,11,,7,31,22,7,12,22,19,28,12,,24,12,12,17,47,,8,8,,,,,13,8,,,7,,2,,,21,6,,,,,,6,,10,,,6,,,,,11,,5,14,,,,,,9,,,,,,9,11,,1,,,,,,,,,,,,,
2010.11,697,,11,,,18,16,,23,12,12,20,13,24,12,,22,15,6,9,,,,8,,15,11,19,11,,7,30,20,7,11,22,19,28,11,,23,14,11,17,47,,8,8,,,,,13,8,,,7,,2,,,23,5,,,,,,5,,10,,,6,,,,,9,,4,15,,,,,,9,,,,,,9,11,,1,,,,,,,,,,,,,
2011.01,692,,11,,,19,16,,23,11,12,19,13,24,12,,20,15,6,9,,,,8,,16,11,19,11,,7,30,19,7,11,22,19,28,11,,24,15,11,16,46,,8,8,,,,,13,8,,,7,,2,,,21,5,,,,,,5,,11,,,6,,,,,9,,4,14,,,,,,9,,,,,,9,10,,2,,,,,,,,,,,,,
2011.05,716,,11,,,18,16,,25,11,11,19,13,25,11,,21,15,7,9,,,,9,,17,12,18,11,,6,32,23,8,11,24,20,30,11,,26,17,14,17,48,,12,9,,,,,14,8,,,8,,2,,,21,,,,,,,5,,10,,,5,,,,,8,,4,13,,,,,,8,,,,,,9,13,,1,,,,,,,,,,,,,
2011.07,660,,11,,,16,16,,23,11,8,17,12,22,11,,17,10,7,8,,,,9,,16,8,19,7,,6,31,22,6,10,23,17,27,11,,26,16,12,16,46,,11,9,,,,,12,8,,,8,,2,,,21,,,,,,,4,,10,,,5,,,,,7,,3,13,,,,,,7,,,,,,9,13,,1,,,,,,,,,,,,,
2011.09,649,,11,,,16,14,,24,11,7,17,12,21,11,,16,10,7,8,,,,9,,16,8,19,6,,6,31,22,7,10,21,17,26,11,,25,15,13,16,45,,11,9,,,,,12,8,,,7,,2,,,21,,,,,,,4,,10,,,5,,,,,7,,3,13,,,,,,7,,,,,,9,13,,,,,,,,,,,,,,,
2011.11,640,,13,,,15,14,,24,11,6,18,11,21,11,,16,10,7,8,,,,9,,16,8,19,6,,5,31,22,7,10,21,17,26,11,,24,15,12,15,44,,10,7,,,,,12,8,,,7,,2,,,21,,,,,,,4,,10,,,4,,,,,7,,3,13,,,,,,7,,,,,,9,13,,,,,,,,,,,,,,,
2012.01,635,,13,,,15,14,,24,11,6,18,10,21,10,,15,10,7,8,,,,8,,16,8,20,6,,6,31,22,7,10,21,15,26,11,,24,16,12,15,44,,10,7,,,,,11,8,,,6,,2,,,21,,,,,,,4,,10,,,4,,,,,7,,3,14,,,,,,7,,,,,,8,13,,,,,,,,,,,,,,,
2012.03,661,,13,,,22,14,,27,10,6,18,9,23,10,,17,10,7,9,,,,10,,16,8,20,6,,7,36,23,6,10,23,16,27,13,,25,16,12,15,44,,10,8,,,,,11,8,,,6,,2,,,23,,,,,,,4,,10,,,6,,,,,7,,3,14,,,,,,7,,,,,,,14,,,,,,,,,,,,,,,
2012.05,662,,13,,,22,14,,27,10,6,18,9,22,10,29,17,10,8,9,,,,10,,14,8,20,8,,7,35,24,6,10,23,15,27,13,,26,16,12,15,18,,10,8,,,,,10,8,,,6,,2,,,23,,,,,,,4,,10,,,6,,,,,7,,3,14,,,,,,,,,,,,,13,,,,,,,,,,,,,,,
2012.07,653,,13,,,22,12,,27,10,6,18,8,21,10,29,17,10,7,9,,,,10,,14,8,20,15,,7,35,24,6,10,24,14,26,13,,26,16,12,15,18,,10,7,,,,,,8,,,6,,2,,,23,,,,,,,4,,10,,,14,,,,,7,,3,14,,,,,,,,,,,,,13,,,,,,,,,,,,,,,
2012.09,651,,13,,,22,12,,27,10,6,18,8,21,10,29,16,10,7,9,,,,10,,14,8,20,15,,8,35,24,6,10,24,15,25,13,,26,16,12,14,18,,10,7,,,,,,8,,,6,,2,,,22,,,,,,,4,,10,,,14,,,,,7,,3,14,,,,,,,,,,,,,13,,,,,,,,,,,,,,,
2012.11,634,,12,,,22,12,,27,10,6,18,8,20,10,29,15,9,7,9,,,,10,,13,8,19,15,,8,35,23,6,10,24,12,24,12,,27,14,11,14,17,,10,5,,,,,,8,,,6,,2,,,22,,,,,,,4,,10,,,14,,,,,7,,3,14,,,,,,,,,,,,,13,,,,,,,,,,,,,,,
2013.01,638,,12,,,22,14,,27,10,7,18,8,21,10,29,14,9,6,10,,,,10,,14,8,20,15,,8,36,22,6,11,23,12,23,11,,27,14,11,14,18,,10,10,,,,,,8,,,5,,2,,,25,,,,,,,4,,10,,,13,,,,,,,3,14,,,,,,,,,,,,,14,,,,,,,,,,,,,,,
2013.03,651,,13,,,23,14,,30,10,7,19,6,22,10,31,15,10,6,10,,,,12,,17,7,19,16,,9,37,23,12,9,22,14,22,13,,26,15,11,16,19,,10,9,,,,,,,,,5,,2,,,24,,,,,,,4,,10,,,13,,,,,,,,14,,,,,,,,,,,,,15,,,,,,,,,,,,,,,
2013.05,648,,13,,,22,11,,29,10,7,22,6,22,10,31,14,11,6,10,4,,,12,,17,6,19,17,,8,37,23,12,9,23,14,22,13,,25,15,12,16,19,,10,9,,,,,,,,,5,,2,,,24,,,,,,,,,9,,,13,,,,,,,,14,,,,,,,,,,,,,15,,,,,,,,,,,,,,,
2013.07,640,,13,,,22,11,,30,12,7,22,5,21,8,31,14,11,6,10,4,,,12,,17,6,18,17,,8,36,23,12,9,24,14,22,13,,24,15,12,15,18,,9,9,,,,,,,,,4,,2,,,24,,,,,,,,,9,,,13,,,,,,,,14,,,,,,,,,,,,,14,,,,,,,,,,,,,,,
2013.09,633,,13,,,22,11,,29,12,7,22,5,21,8,31,14,11,6,9,4,,,11,,17,6,18,16,,7,36,23,12,9,23,14,22,12,,24,15,12,15,18,,9,9,,,,,,,,,4,,2,,,24,,,,,,,,,8,,,14,,,,,,,,14,,,,,,,,,,,,,14,,,,,,,,,,,,,,,
2013.11,627,,13,,,21,11,,29,12,7,22,5,27,8,31,14,12,7,9,4,,,10,,17,5,18,16,,9,36,22,11,9,22,14,22,11,,24,15,12,14,18,,9,9,,,,,,,,,4,,2,,,24,,,,,,,,,,,,14,,,,,,,,13,,,,,,,,,,,,,15,,,,,,,,,,,,,,,
2014.01,630,,13,,,21,13,,29,12,8,23,5,26,7,30,15,11,7,10,4,,,10,,18,9,19,16,,9,36,22,11,9,22,12,22,11,,24,15,11,14,18,,9,8,,,,,,,,,4,,2,,,24,,,,,,,,,,,,13,,,,,,,,13,,,,,,,,,,,,,15,,,,,,,,,,,,,,,
2014.03,662,,12,,4,18,13,,30,14,8,23,6,28,6,33,16,12,7,14,5,,,10,,19,11,19,12,,10,37,22,12,9,22,13,23,13,,26,17,12,14,18,,10,11,,,,,,,,,5,,2,,,23,,,,,,,,,,,,14,,,,,,,,14,,,,,,,,,,,,,15,,,,,,,,,,,,,,,
2014.05,664,,12,,4,18,13,,28,14,8,23,6,27,6,33,16,12,7,13,8,,,10,,18,11,20,12,,10,36,23,12,9,23,13,23,13,,26,17,12,15,18,,10,12,,,,,,,,,5,,2,,,23,,,,,,,,,,,,14,,,,,,,,14,,,,,,,,,,,,,15,,,,,,,,,,,,,,,
2014.07,657,,12,,4,18,13,,28,13,8,23,6,27,6,34,15,13,6,13,8,,,10,,18,11,19,12,,10,36,23,12,11,23,12,23,13,,26,16,12,15,18,,8,12,,,,,,,,,4,,2,,,23,,,,,,,,,,,,14,,,,,,,,13,,,,,,,,,,,,,14,,,,,,,,,,,,,,,
2014.09,648,,12,,4,18,13,,28,13,8,23,6,28,6,34,15,13,6,13,8,,,11,,17,11,19,12,,10,35,22,12,10,21,11,23,13,,26,16,12,15,18,,7,11,,,,,,,,,4,,2,,,23,,,,,,,,,,,,13,,,,,,,,12,,,,,,,,,,,,,14,,,,,,,,,,,,,,,
2014.11,643,,13,,4,18,13,,27,12,8,23,6,27,6,34,15,13,6,12,8,,,10,,17,11,18,12,,10,35,23,12,10,21,10,23,12,,28,16,13,14,17,,7,11,,,,,,,,,4,,2,,,23,,,,,,,,,,,,13,,,,,,,,12,,,,,,,,,,,,,14,,,,,,,,,,,,,,,
2015.01,646,,12,,4,18,13,,28,12,11,23,6,27,6,34,13,13,6,12,8,,,10,,18,11,17,12,,10,36,24,13,11,21,10,23,12,,27,16,13,15,16,,7,11,,,,,,,,,4,,2,,,23,,,,,,,,,,,,13,,,,,,,,12,,,,,,,,,,,,,13,,,,,,,,,,,,,,,
2015.03,670,,11,,5,19,14,,28,12,13,28,9,27,6,36,13,13,8,12,8,,,10,,18,11,17,12,,10,37,24,14,14,19,9,23,15,,28,16,14,17,18,,,13,,,,,,,,,4,,2,,,24,,,,,,,,,,,,13,,,,,,,,13,,,,,,,,,,,,,13,,,,,,,,,,,,,,,
2015.05,671,,12,,5,19,14,,29,12,13,28,10,27,6,36,15,12,8,12,8,,,10,,18,11,16,12,,10,36,24,13,15,18,9,23,15,,29,16,15,16,18,,,13,,,,,,,,,4,,2,,,23,,,,,,,,,,,,14,,,,,,,,12,,,,,,,,,,,,,13,,,,,,,,,,,,,,,
2015.07,653,,12,,5,18,13,,29,12,13,27,10,26,6,36,15,12,8,12,8,,,9,,18,11,16,12,,9,35,23,13,13,18,9,23,14,,28,16,15,15,17,,,11,,,,,,,,,4,,2,,,23,,,,,,,,,,,,13,,,,,,,,12,,,,,,,,,,,,,12,,,,,,,,,,,,,,,
2015.09,651,,12,,5,18,13,,28,12,13,27,10,25,6,36,15,12,8,12,11,,,9,,18,11,16,11,,9,34,23,13,13,17,9,23,14,,28,16,15,15,17,,,11,,,,,,,,,4,,2,,,23,,,,,,,,,,,,13,,,,,,,,12,,,,,,,,,,,,,12,,,,,,,,,,,,,,,
2015.11,647,,12,,5,18,13,,28,12,12,27,10,25,6,36,14,12,8,12,12,,,8,,18,11,16,11,,9,35,23,12,13,17,8,23,14,,28,16,14,15,16,,,11,,,,,,,,,4,,2,,,23,,,,,,,,,,,,13,,,,,,,,13,,,,,,,,,,,,,12,,,,,,,,,,,,,,,
2016.01,650,,12,,6,18,13,,27,12,13,26,10,24,6,34,13,12,8,14,14,,,8,,19,12,16,11,,9,36,24,12,13,17,8,21,15,,29,16,14,13,16,,,11,,,,,,,,,4,,2,,,23,,,,,,,,,,,,14,,,,,,,,13,,,,,,,,,,,,,12,,,,,,,,,,,,,,,
2016.03,685,,12,,8,18,12,,33,11,12,29,11,24,6,36,13,12,9,13,14,,,8,,20,13,17,11,,10,41,26,13,16,18,7,21,18,,29,16,14,12,16,,,12,,,,,,,,,5,,2,,,24,,,,,,,,,,,,15,,,,,,,,16,,,,,,,,,,,,,12,,,,,,,,,,,,,,,
2016.05,685,,12,,10,19,13,,33,11,11,28,11,23,6,36,13,12,9,13,16,,,8,,18,13,17,11,,10,41,27,13,18,17,7,21,18,,28,16,13,12,16,,,12,,,,,,,,,5,,2,,,23,,,,,,,,,,,,14,,,,,,,,17,,,,,,,,,,,,,12,,,,,,,,,,,,,,,
2016.07,673,,12,3,10,17,13,,32,11,11,27,11,22,6,35,14,12,9,12,15,,,6,,18,13,17,11,,11,41,27,13,19,17,7,21,17,,27,15,13,12,16,,,12,,,,,,,,,5,,2,,,23,,,,,,,,,,,,13,,,,,,,,13,,,,,,,,,,,,,12,,,,,,,,,,,,,,,
2016.09,669,,12,3,10,17,13,,31,11,11,28,11,22,5,35,14,12,9,11,16,,,5,,18,13,17,10,,13,41,26,13,19,16,7,20,17,,27,15,13,12,16,,,12,,,,,,,,,5,,2,,,23,,,,,,,,,,,,13,,,,,,,,13,,,,,,,,,,,,,12,,,,,,,,,,,,,,,
2016.11,663,,12,3,9,17,13,,30,11,11,33,12,22,5,35,14,11,9,10,17,,,4,,41,13,17,10,,13,39,26,13,19,16,7,20,17,,27,15,12,11,15,,,12,,,,,,,,,4,,2,,,,,,,,,,,,,,,13,,,,,,,,13,,,,,,,,,,,,,10,,,,,,,,,,,,,,,
2017.01,652,,12,3,9,16,14,,30,12,11,34,12,22,4,36,14,12,9,10,17,,,4,,29,14,17,11,,12,39,26,13,19,17,7,18,17,,27,15,12,10,15,,,11,,,,,,,,,4,,2,,,,,,,,,,,,,,,13,,,,,,,,13,,,,,,,,,,,,,10,,,,,,,,,,,,,,,
2017.03,692,,12,4,10,17,17,,29,13,11,34,12,21,4,37,16,12,11,13,16,,,6,,18,16,18,11,,13,45,25,12,22,20,12,18,18,,28,18,14,10,16,,,10,,,,,,,,,5,,2,,,,,,,,,,,,,,,13,,,9,,,,,14,,,,,,,,,,,,,10,,,,,,,,,,,,,,,
2017.05,690,,12,4,11,17,17,,29,13,11,34,13,21,4,37,16,12,9,14,15,3,,6,,18,16,17,11,,13,43,25,12,22,20,12,18,18,,27,17,14,10,14,,,10,,,,,,,,,5,,2,,,,,,,,,,,,,,,13,,,9,,,,,16,,,,,,,,,,,,,10,,,,,,,,,,,,,,,
2017.07,676,,12,5,11,16,16,,28,13,11,29,12,21,4,37,16,12,9,14,16,4,,6,,18,16,16,11,,13,42,24,11,21,20,13,18,17,,26,17,14,9,14,,,10,,,,,,,,,5,,2,,,,,,,,,,,,,,,12,,,9,,,,,16,,,,,,,,,,,,,10,,,,,,,,,,,,,,,
2017.09,676,,12,6,11,16,17,,28,13,10,29,12,20,4,37,16,13,9,14,17,4,,6,,18,15,16,10,,13,42,23,11,20,20,13,18,17,,26,17,15,10,14,,,10,,,,,,,,,5,,2,,,,,,,,,,,,,,,13,,,9,,,,,16,,,,,,,,,,,,,9,,,,,,,,,,,,,,,
2017.11,671,,12,6,11,14,16,,27,12,9,33,12,21,3,36,16,13,8,14,17,4,,6,,18,15,17,10,,13,43,23,10,19,19,13,18,17,,26,17,15,10,13,,,10,,,,,,,,,5,,2,,,,,,,,,,,,,,,13,,,9,,,,,17,,,,,,,,,,,,,9,,,,,,,,,,,,,,,
2018.01,671,,12,6,11,14,16,,27,11,8,32,12,21,3,36,17,13,8,14,18,4,,6,,18,15,17,10,,14,43,24,9,19,19,13,18,18,,27,17,15,10,13,,,10,,,,,,,,,4,,2,,,,,,,,,,,,,,,13,,,8,,,,,17,,,,,,,,,,,,,9,,,,,,,,,,,,,,,
2018.03,700,,12,7,12,15,18,,28,11,9,30,12,21,3,37,18,15,8,14,19,5,5,6,,20,16,16,11,,14,47,24,8,19,21,13,20,19,,29,17,13,11,13,,,11,,,,,,,,,4,,2,,,,,,,,,,,,,,,12,,,8,,,,,17,,,,,,,,,,,,,10,,,,,,,,,,,,,,,
2018.05,708,,12,8,12,15,12,7,28,11,9,30,12,21,3,37,19,14,8,14,19,8,7,6,,20,16,16,10,,13,46,25,8,19,21,13,20,19,,29,18,15,11,13,,,11,,,,,,,,,4,,2,,,,,,,,,,,,,,,12,,,8,,,,,17,,,,,,,,,,,,,10,,,,,,,,,,,,,,,
2018.07,694,,12,7,12,15,12,6,27,11,9,28,12,21,3,37,19,13,8,14,18,8,7,6,,20,16,15,10,,13,44,25,8,19,21,13,20,19,,29,17,15,11,13,,,10,,,,,,,,,4,,2,,,,,,,,,,,,,,,12,,,8,,,,,16,,,,,,,,,,,,,9,,,,,,,,,,,,,,,
2018.09,693,,12,8,12,15,12,7,27,11,9,26,12,21,3,37,19,14,8,14,18,8,7,7,,20,16,15,10,,13,44,25,8,19,21,13,20,19,,29,17,14,11,13,,,10,,,,,,,,,3,,2,,,,,,,,,,,,,,,12,,,8,,,,,16,,,,,,,,,,,,,8,,,,,,,,,,,,,,,
2018.11,681,,12,7,11,14,12,7,26,11,9,26,12,20,3,37,19,14,8,14,18,8,7,7,,20,16,14,10,,13,44,26,7,19,20,13,20,19,,28,16,13,18,12,,,10,,,,,,,,,3,,2,,,,,,,,,,,,,,,12,,,8,,,,,16,,,,,,,,,,,,,,,,,,,,,,,,,,,,
2019.01,684,,12,7,11,14,14,7,26,11,9,26,12,21,3,37,19,13,8,14,17,8,7,7,,21,16,14,10,,12,45,25,7,19,20,13,21,19,,28,17,13,17,12,,,10,,,,,,,,,3,,2,,,,,,,,,,,,,,,12,,,9,,,,,16,,,,,,,,,,,,,,,,,,,,,,,,,,,,
2019.03,703,,12,9,11,16,14,9,29,11,9,23,12,20,3,37,19,13,9,14,19,8,7,5,,21,15,15,11,,14,45,24,8,21,23,13,23,20,,28,17,15,15,14,,,10,,,,,,,,,3,,2,,,,,,,,,,,,,,,12,,,10,,,,,15,,,,,,,,,,,,,,,,,,,,,,,,,,,,
2019.05,705,,12,9,11,16,14,9,27,11,9,23,12,20,3,37,22,12,10,14,19,13,7,5,,20,15,16,11,,14,45,24,7,21,21,13,22,20,,29,17,15,14,14,,,10,,,,,,,,,3,,2,,,,,,,,,,,,,,,12,,,10,,,,,15,,,,,,,,,,,,,,,,,,,,,,,,,,,,
2019.07,696,,12,9,11,15,14,9,26,11,9,22,12,19,2,36,23,12,10,15,19,13,6,5,,20,15,15,11,,14,44,24,7,20,21,13,22,20,,29,17,15,14,14,,,10,,,,,,,,,3,,2,,,,,,,,,,,,,,,11,,,10,,,,,15,,,,,,,,,,,,,,,,,,,,,,,,,,,,
2019.09,692,,12,9,11,16,14,9,25,11,9,20,12,19,2,36,23,12,10,15,19,13,6,5,,20,15,15,11,,14,43,24,7,19,21,13,22,20,,29,17,15,14,14,,,10,,,,,,,,,3,,2,,,,,,,,,,,,,,,11,,,10,,,,,15,,,,,,,,,,,,,,,,,,,,,,,,,,,,
2019.11,679,,11,9,11,16,13,9,25,11,8,19,11,19,2,36,23,15,10,14,18,13,5,5,,20,15,16,11,,15,42,23,7,19,21,12,22,20,,28,17,15,14,14,,,9,,,,,,,,,,,2,,,,,,,,,,,,,,,11,,,9,,,,,14,,,,,,,,,,,,,,,,,,,,,,,,,,,,
2020.01,679,,11,10,11,16,14,9,25,11,10,19,11,19,2,36,22,15,10,14,17,12,5,5,,20,16,16,11,,15,42,23,7,18,21,11,22,20,,28,17,15,13,14,,,9,,,,,,,,,,,2,,,,,,,,,,,,,,,11,,,10,,,,,14,,,,,,,,,,,,,,,,,,,,,,,,,,,,
2020.03,713,,11,10,12,16,14,10,24,11,10,21,11,19,3,35,23,16,10,16,19,14,9,5,,21,15,16,11,,18,41,25,8,20,23,15,24,23,,28,19,15,12,15,,,8,,,,,,,,,,,2,,,,,,,,,,,,,,,10,,,10,,,,,15,,,,,,,,,,,,,,,,,,,,,,,,,,,,
2020.07,716,,11,10,12,16,14,10,24,11,10,19,11,19,3,36,27,17,10,16,19,15,9,5,,21,15,17,11,,18,40,25,8,20,21,15,24,23,,28,19,16,12,15,,,8,,,,,,,,,,,2,,,,,,,,,,,,,,,10,,,9,,,,,15,,,,,,,,,,,,,,,,,,,,,,,,,,,,
2020.09,692,,10,11,11,16,14,10,24,11,10,18,11,18,4,32,27,17,10,17,19,15,9,4,,22,15,16,12,,18,39,24,8,20,19,14,23,23,,28,19,17,10,15,,,7,,,,,,,,,,,2,,,,,,,,,,,,,,,8,,,,,,,,15,,,,,,,,,,,,,,,,,,,,,,,,,,,,
2020.11,685,,10,11,10,16,14,11,24,11,10,20,11,18,4,30,27,17,10,16,19,15,8,4,,21,15,16,12,,19,37,23,8,20,19,14,23,22,,28,19,17,10,14,,,7,,,,,,,,,,,2,,,,,,,,,,,,,,,8,,,,,,,,15,,,,,,,,,,,,,,,,,,,,,,,,,,,,
2021.01,676,,10,10,10,16,14,11,24,11,10,19,11,18,4,29,27,17,10,16,19,15,7,5,,21,15,16,12,,19,35,23,8,20,19,14,22,22,,28,18,16,10,14,,,7,,,,,,,,,,,2,,,,,,,,,,,,,,,7,,,,,,,,15,,,,,,,,,,,,,,,,,,,,,,,,,,,,
2021.03,697,,11,11,10,17,14,12,25,11,10,21,11,18,5,28,29,17,10,17,19,15,7,5,,21,15,16,13,,17,32,27,8,20,19,18,22,25,,28,17,17,12,16,,,6,,,,,,,,,,,2,,,,,,,,,,,,,,,7,,,,,,,,16,,,,,,,,,,,,,,,,,,,,,,,,,,,,
2021.05,687,,11,10,10,16,14,13,30,11,10,18,11,18,5,28,29,15,10,17,18,15,7,4,,22,14,17,13,,17,31,27,13,20,19,18,22,26,,28,20,17,11,15,,,,,,,,,,,,,,2,,,,,,,,,,,,,,,,,,,,,,,15,,,,,,,,,,,,,,,,,,,,,,,,,,,,
2021.07,667,,11,10,10,15,13,12,30,11,10,18,11,18,5,26,28,15,9,18,18,15,7,4,,20,14,17,12,,17,26,25,13,20,20,18,22,26,,25,19,17,10,15,,,,,,,,,,,,,,2,,,,,,,,,,,,,,,,,,,,,,,15,,,,,,,,,,,,,,,,,,,,,,,,,,,,
2021.09,659,,11,9,10,15,13,13,29,11,10,18,12,18,5,27,28,15,9,18,18,16,7,4,4,19,14,17,11,,17,26,24,12,20,19,14,22,26,,24,18,17,9,16,,,,,,,,,,,,,,,,,,,,,,,,,,,,,,,,,,,,,14,,,,,,,,,,,,,,,,,,,,,,,,,,,,
2021.11,650,,12,8,9,15,14,13,29,11,9,20,12,18,5,27,28,15,9,17,18,16,7,4,4,19,13,14,11,,17,26,23,12,19,18,14,22,26,,23,18,17,9,15,,,,,,,,,,,,,,,,,,,,,,,,,,,,,,,,,,,,,14,,,,,,,,,,,,,,,,,,,,,,,,,,,,
2022.01,649,,12,8,9,15,14,13,28,11,8,20,12,18,5,25,27,15,9,16,18,16,7,4,5,20,13,14,11,,17,27,23,12,19,18,14,22,26,,24,18,17,10,15,,,,,,,,,,,,,,,,,,,,,,,,,,,,,,,,,,,,,14,,,,,,,,,,,,,,,,,,,,,,,,,,,,
2022.03,661,,14,8,9,18,14,15,25,8,7,20,13,17,5,23,28,14,10,18,19,17,9,4,17,20,13,15,10,4,16,28,21,11,20,18,16,22,24,4,25,18,18,11,15,,,,,,,,,,,,,,,,,,,,,,,,,,,,,,,,,,,,,,,,,,,,,,,,,,,,,,,,,,,,,,,,,
2022.05,654,,14,8,9,19,14,15,25,8,8,20,13,17,4,23,28,14,10,17,18,17,9,3,18,19,13,15,9,4,16,26,20,9,20,18,16,21,24,4,26,19,18,11,15,,,,,,,,,,,,,,,,,,,,,,,,,,,,,,,,,,,,,,,,,,,,,,,,,,,,,,,,,,,,,,,,,
2022.07,638,,14,8,9,19,13,15,22,8,8,18,12,17,4,23,28,14,10,17,18,17,9,2,18,19,12,14,9,4,16,26,20,9,20,17,15,20,24,4,24,19,18,10,15,,,,,,,,,,,,,,,,,,,,,,,,,,,,,,,,,,,,,,,,,,,,,,,,,,,,,,,,,,,,,,,,,
2022.09,634,,14,7,9,19,13,14,21,7,8,19,12,17,4,23,27,14,10,18,18,17,9,2,18,19,12,14,9,5,16,25,19,9,20,16,14,19,24,4,24,20,18,10,15,,,,,,,,,,,,,,,,,,,,,,,,,,,,,,,,,,,,,,,,,,,,,,,,,,,,,,,,,,,,,,,,,
2022.11,630,,14,8,9,19,14,14,21,8,8,20,12,17,4,22,27,13,11,19,17,17,9,2,16,18,12,14,7,6,15,26,19,9,20,16,13,19,25,6,22,20,18,10,14,,,,,,,,,,,,,,,,,,,,,,,,,,,,,,,,,,,,,,,,,,,,,,,,,,,,,,,,,,,,,,,,,
2023.01,630,2,14,8,9,19,14,14,21,8,7,20,13,18,4,23,26,12,11,20,17,17,9,2,16,18,12,13,7,6,14,26,19,9,19,16,13,20,25,7,21,20,17,10,14,,,,,,,,,,,,,,,,,,,,,,,,,,,,,,,,,,,,,,,,,,,,,,,,,,,,,,,,,,,,,,,,,
2023.03,650,3,14,8,9,20,14,17,20,9,7,21,15,18,4,24,27,13,10,20,17,17,10,3,18,20,13,14,6,7,14,25,20,9,18,16,13,20,26,7,22,20,18,10,14,,,,,,,,,,,,,,,,,,,,,,,,,,,,,,,,,,,,,,,,,,,,,,,,,,,,,,,,,,,,,,,,,
2023.05,647,4,15,8,9,20,14,17,18,9,7,21,14,18,4,24,27,13,10,20,16,18,9,3,19,20,13,14,6,7,13,26,20,9,18,15,13,20,26,7,22,20,17,10,14,,,,,,,,,,,,,,,,,,,,,,,,,,,,,,,,,,,,,,,,,,,,,,,,,,,,,,,,,,,,,,,,,
2023.07,637,4,15,8,9,20,14,16,18,9,7,21,14,16,4,24,27,12,9,20,16,18,9,3,19,20,12,14,6,7,13,25,19,9,18,14,13,20,26,7,22,19,17,10,14,,,,,,,,,,,,,,,,,,,,,,,,,,,,,,,,,,,,,,,,,,,,,,,,,,,,,,,,,,,,,,,,,
2023.09,634,4,15,7,9,19,14,16,18,9,7,21,15,16,4,24,26,11,9,19,16,18,9,3,19,20,12,15,7,7,13,25,19,9,18,14,13,20,26,7,22,18,17,10,14,,,,,,,,,,,,,,,,,,,,,,,,,,,,,,,,,,,,,,,,,,,,,,,,,,,,,,,,,,,,,,,,,
2023.11,618,6,15,7,9,19,13,14,18,9,7,21,15,16,4,22,26,11,9,18,15,15,7,3,19,20,12,15,7,7,12,25,19,8,18,14,12,19,24,7,22,18,17,10,14,,,,,,,,,,,,,,,,,,,,,,,,,,,,,,,,,,,,,,,,,,,,,,,,,,,,,,,,,,,,,,,,,
